ninja air fryer,air-fryer-brands
midea air fryer,air-fryer-brands
gourmia air fryer,air-fryer-brands
cuisinart air fryer,air-fryer-brands
powerxl air fryer,air-fryer-brands
air fryer toaster oven,air-fryer-types
toaster oven air fryer,air-fryer-types
stainless steel air fryer,air-fryer-types
glass air fryer,air-fryer-types
large air fryer,air-fryer-types
small air fryer,air-fryer-types
mini air fryer,air-fryer-types
air fryer liners,air-fryer-accessories
air fryer basket,air-fryer-accessories
parchment paper for air fryer,air-fryer-accessories
air fryer cookbook,air-fryer-accessories
ninja blender,blender-brands
vitamix blender,blender-brands
nutribullet blender,blender-brands
kitchenaid blender,blender-brands
blendtec blender,blender-brands
immersion blender,blender-types
hand blender,blender-types
stick blender,blender-types
portable blender,blender-types
personal blender,blender-types
mini blender,blender-types
smoothie blender,blender-types
glass blender,blender-types
commercial blender,blender-types
blender bottles,blender-accessories
blender cups,blender-accessories
blender replacement parts,blender-accessories
blender food processor combo,blender-accessories
bread maker,bread-makers
zojirushi bread maker,bread-maker-brands
bread maker machine,bread-makers
cuisinart bread maker,bread-maker-brands
hamilton beach bread maker,bread-maker-brands
oster bread maker,bread-maker-brands
breville bread maker,bread-maker-brands
panasonic bread maker,bread-maker-brands
bread maker mixes,bread-maker-accessories
bread mix for bread maker,bread-maker-accessories
bread maker recipes,bread-maker-accessories
bread maker cookbook,bread-maker-accessories
bread maker for sourdough,bread-maker-types
automatic bread maker,bread-maker-types
small bread maker,bread-maker-types
mini bread maker,bread-maker-types
keurig coffee maker,coffee-maker-brands
coffee maker,coffee-makers
ninja coffee maker,coffee-maker-brands
cuisinart coffee maker,coffee-maker-brands
bunn coffee maker,coffee-maker-brands
cold brew coffee maker,coffee-maker-types
drip coffee maker,coffee-maker-types
iced coffee maker,coffee-maker-types
jura coffee maker,coffee-maker-brands
mr coffee maker,coffee-maker-brands
pour over coffee maker,coffee-maker-types
coffee maker with grinder,coffee-maker-types
hamilton beach coffee maker,coffee-maker-brands
k cup coffee maker,coffee-maker-types
nespresso coffee maker,coffee-maker-brands
single serve coffee maker,coffee-maker-types
miele coffee maker,coffee-maker-brands
single cup coffee maker,coffee-maker-types
french press coffee maker,coffee-maker-types
aeropress coffee maker,coffee-maker-types
breville coffee maker,coffee-maker-brands
kitchenaid coffee maker,coffee-maker-brands
small coffee maker,coffee-maker-types
espresso coffee maker,coffee-maker-types
grind and brew coffee maker,coffee-maker-types
italian coffee maker,coffee-maker-types
electric kettle,electric-kettles
electric tea kettle,electric-kettles
chefman electric kettle,electric-kettle-brands
electric water kettle,electric-kettles
smeg electric kettle,electric-kettle-brands
electric kettle with temperature control,electric-kettle-types
bodum electric kettle,electric-kettle-brands
cosori electric kettle,electric-kettle-brands
cuisinart electric kettle,electric-kettle-brands
glass electric kettle,electric-kettle-types
hamilton beach electric kettle,electric-kettle-brands
small electric kettle,electric-kettle-types
breville electric kettle,electric-kettle-brands
gooseneck electric kettle,electric-kettle-types
stainless steel electric kettle,electric-kettle-types
food storage containers,food-storage-containers
glass food storage containers,glass-food-storage-containers
dog food storage container,pet-food-storage-containers
food storage containers with lids,food-storage-containers
airtight food storage containers,airtight-food-storage-containers
plastic food storage containers,plastic-food-storage-containers
pet food storage container,pet-food-storage-containers
food storage container,food-storage-containers
glass food storage containers with lids,glass-food-storage-containers
dog food storage containers,pet-food-storage-containers
pet food storage containers,pet-food-storage-containers
large food storage containers,food-storage-containers
kitchen food storage containers,food-storage-containers
pyrex food storage containers,glass-food-storage-containers
stainless steel food storage containers,metal-food-storage-containers
food storage containers set,food-storage-containers
small food storage containers,food-storage-containers
stackable food storage containers,food-storage-containers
bpa free food storage containers,plastic-food-storage-containers
collapsible food storage containers,food-storage-containers
dry food storage containers,food-storage-containers
glass containers for food storage,glass-food-storage-containers
long term food storage containers,food-storage-containers
non toxic food storage containers,food-storage-containers
silicone food storage containers,silicone-food-storage-containers
vegetable food storage containers,food-storage-containers
baby food storage containers,food-storage-containers
disposable food storage containers,disposable-food-storage-containers
airtight pet food storage container,pet-food-storage-containers
food grade storage containers,food-storage-containers
food storage containers for rice,food-storage-containers
food storage glass containers,glass-food-storage-containers
hot food storage containers,food-storage-containers
large glass food storage containers,glass-food-storage-containers
metal food storage containers,metal-food-storage-containers
storage containers with lids for food,food-storage-containers
40 lb dog food storage container,pet-food-storage-containers
airtight dog food container storage,pet-food-storage-containers
airtight food storage container,airtight-food-storage-containers
cereal food storage containers,food-storage-containers
divided food storage containers,food-storage-containers
dog food storage container 40 lbs,pet-food-storage-containers
food storage containers for flour and sugar,food-storage-containers
glass storage containers for food,glass-food-storage-containers
glass containers with lids for food storage,glass-food-storage-containers
glass lid food storage containers,glass-food-storage-containers
meat thermometer,meat-thermometers
wireless meat thermometer,wireless-meat-thermometers
bluetooth meat thermometer,wireless-meat-thermometers
digital meat thermometer,digital-meat-thermometers
instant read meat thermometer,instant-read-meat-thermometers
meat thermometers for cooking,meat-thermometers
meat thermometer wireless,wireless-meat-thermometers
meat thermometer probe,meat-thermometers
meat thermometers,meat-thermometers
wifi meat thermometer,wireless-meat-thermometers
electronic meat thermometer,digital-meat-thermometers
good meat thermometer,meat-thermometers
instant meat thermometer,instant-read-meat-thermometers
meat probe thermometer,meat-thermometers
bbq meat thermometer,bbq-meat-thermometers
infrared meat thermometer,infrared-meat-thermometers
kitchen meat thermometer,meat-thermometers
meat thermometer digital,digital-meat-thermometers
meat thermometer for grill,bbq-meat-thermometers
meat thermometer with probe,meat-thermometers
remote meat thermometer,wireless-meat-thermometers
wifi meat thermometers,wireless-meat-thermometers
cooked meat thermometer,meat-thermometers
digital thermometer for meat,digital-meat-thermometers
grill meat thermometer,bbq-meat-thermometers
meat grill thermometer,bbq-meat-thermometers
meat thermometer for oven,meat-thermometers
meat thermometer reviews,meat-thermometers
digital meat thermometers,digital-meat-thermometers
good meat thermometer for smoking,bbq-meat-thermometers
instant read digital meat thermometer,instant-read-meat-thermometers
internal meat thermometer,meat-thermometers
meat thermometer bluetooth,wireless-meat-thermometers
meat thermometer for grilling,bbq-meat-thermometers
meat thermometers for grilling,bbq-meat-thermometers
oven safe meat thermometer,meat-thermometers
smart meat thermometer,wireless-meat-thermometers
bluetooth meat thermometers,wireless-meat-thermometers
digital meat cooking thermometer,digital-meat-thermometers
digital meat probe thermometer,digital-meat-thermometers
meat cooking thermometers,meat-thermometers
meat thermometer cooking,meat-thermometers
meat thermometer for smoker,bbq-meat-thermometers
wireless meat thermometers,wireless-meat-thermometers
wireless thermometer meat,wireless-meat-thermometers
candy thermometer vs meat thermometer,meat-thermometers
digital instant read meat thermometer,instant-read-meat-thermometers
ir meat thermometer,infrared-meat-thermometers
leave in meat thermometer,meat-thermometers
meat thermometer for hamburgers,meat-thermometers
rice cooker,rice-cookers
mini rice cooker,mini-rice-cookers
small rice cooker,mini-rice-cookers
stainless steel rice cooker,stainless-steel-rice-cookers
japanese rice cooker,japanese-rice-cookers
rice cooker and steamer,rice-cookers-with-steamer
microwave rice cooker,microwave-rice-cookers
electric rice cooker,electric-rice-cookers
rice cooker steamer,rice-cookers-with-steamer
rice cooker with steamer,rice-cookers-with-steamer
rice cooker stainless steel inner pot,stainless-steel-rice-cookers
rice cooker with stainless steel,stainless-steel-rice-cookers
rice cooker with stainless steel pot,stainless-steel-rice-cookers
stainless steel pot rice cooker,stainless-steel-rice-cookers
rice cooker stainless steel,stainless-steel-rice-cookers
ceramic rice cooker,ceramic-rice-cookers
ceramic bowl rice cooker,ceramic-rice-cookers
non toxic rice cooker,non-toxic-rice-cookers
commercial rice cooker,commercial-rice-cookers
large rice cooker,large-rice-cookers
brown rice cooker,brown-rice-cookers
low carb rice cooker,low-carb-rice-cookers
instant rice cooker,instant-rice-cookers
rice cooker slow cooker,rice-cooker-slow-cooker-combos
asian rice cooker,asian-rice-cookers
korean rice cooker,korean-rice-cookers
persian rice cooker,persian-rice-cookers
10 cup rice cooker,large-rice-cookers
3 cup rice cooker,mini-rice-cookers
2 cup rice cooker,mini-rice-cookers
4 cup rice cooker,mini-rice-cookers
6 cup rice cooker,mini-rice-cookers
20 cup rice cooker,commercial-rice-cookers
pink rice cooker,colored-rice-cookers
rice cooker white,colored-rice-cookers
rice cooker for the microwave,microwave-rice-cookers
slow cooker,slow-cookers
4 quart slow cooker,small-slow-cookers
10 quart slow cooker,large-slow-cookers
4 qt slow cooker,small-slow-cookers
2 qt slow cooker,mini-slow-cookers
3 quart slow cooker,small-slow-cookers
6 qt slow cooker,medium-slow-cookers
6 quart slow cooker,medium-slow-cookers
large slow cooker,large-slow-cookers
small slow cooker,mini-slow-cookers
10 qt slow cooker,large-slow-cookers
2 quart slow cooker,mini-slow-cookers
3 qt slow cooker,small-slow-cookers
8 qt slow cooker,large-slow-cookers
8 quart slow cooker,large-slow-cookers
mini slow cooker,mini-slow-cookers
7 qt slow cooker,large-slow-cookers
7 quart slow cooker,large-slow-cookers
1.5 qt slow cooker,mini-slow-cookers
slow cooker with locking lid,slow-cookers-with-locking-lid
slow cooker with timer,programmable-slow-cookers
programmable slow cooker,programmable-slow-cookers
stainless steel slow cooker,stainless-steel-slow-cookers
triple slow cooker,multi-cooker-slow-cookers
non toxic slow cooker,non-toxic-slow-cookers
ceramic slow cooker,ceramic-slow-cookers
digital slow cooker,digital-slow-cookers
double slow cooker,multi-cooker-slow-cookers
rectangular slow cooker,rectangular-slow-cookers
slow cooker liner,slow-cooker-accessories
3 pot slow cooker,multi-cooker-slow-cookers
rice cooker slow cooker,multi-cooker-slow-cookers
slow cooker casserole pot,slow-cooker-casserole-pots
slow cooker lunch box,portable-slow-cookers
sous vide slow cooker,sous-vide-slow-cookers
3 crock slow cooker,multi-cooker-slow-cookers
big slow cooker,large-slow-cookers
1.5 quart slow cooker,mini-slow-cookers
5 quart slow cooker,medium-slow-cookers
wifi slow cooker,smart-slow-cookers
white slow cooker,white-slow-cookers
stand mixer,stand-mixers
standing mixer,stand-mixers
stand up mixer,stand-mixers
standing electric mixer,stand-mixers
mixer stand,stand-mixers
stand mixer paddle attachment,stand-mixer-attachments
stand mixer attachments,stand-mixer-attachments
stand mixer food grinder,stand-mixer-attachments
stand mixer pasta press,stand-mixer-attachments
paddle attachment for stand mixer,stand-mixer-attachments
stand mixer wooden bowl,stand-mixers
wood bowl stand mixer,stand-mixers
stand mixer for cakes,stand-mixers
stand mixer cabinet lift,stand-mixers
affordable stand mixer,stand-mixers
cheap stand mixer,stand-mixers
commercial stand mixer,commercial-stand-mixers
stand mixer with bowl lift,stand-mixers
stand mixer with tilt head,stand-mixers
5 qt stand mixer,medium-stand-mixers
5.5 qt stand mixer,medium-stand-mixers
5.5 quart stand mixer,medium-stand-mixers
6 qt stand mixer,large-stand-mixers
6 quart stand mixer,large-stand-mixers
artisan mini stand mixer,mini-stand-mixers
stand mixer colors,colored-stand-mixers
beautiful stand mixer,colored-stand-mixers
stand mixer casserole bowl,stand-mixer-accessories
stand mixer ice cream attachment,stand-mixer-attachments
stand mixer meat grinder,stand-mixer-attachments
stand mixer food processor attachment,stand-mixer-attachments
stand mixer slow cooker attachment,stand-mixer-attachments
toaster oven,toaster-ovens
air fryer toaster oven,toaster-ovens-with-air-fryer
toaster oven air fryer,toaster-ovens-with-air-fryer
toaster ovens,toaster-ovens
small toaster oven,compact-toaster-ovens
mini toaster oven,compact-toaster-ovens
large toaster oven,large-toaster-ovens
convection toaster oven,convection-toaster-ovens
stainless steel toaster oven,toaster-ovens-by-material
glass toaster oven,toaster-ovens-by-material
toaster oven with grill,toaster-ovens-with-grill
toaster oven microwave combo,toaster-ovens-with-microwave
microwave toaster oven combo,toaster-ovens-with-microwave
combination toaster oven and microwave,toaster-ovens-with-microwave
toaster oven meals,toaster-oven-accessories
toaster oven pans,toaster-oven-accessories
toaster oven liners,toaster-oven-accessories
toaster oven reviews,toaster-oven-buying-guides
toaster oven vs air fryer,toaster-oven-buying-guides
air fryer vs toaster oven,toaster-oven-buying-guides
under cabinet toaster oven,compact-toaster-ovens
top rated toaster ovens,toaster-oven-buying-guides
smallest toaster ovens,compact-toaster-ovens
tiny toaster oven,compact-toaster-ovens
white toaster oven,toaster-ovens-by-color
reheat pizza in toaster oven,toaster-oven-recipes
vacuum sealer,vacuum-sealers
vacuum sealer bags,vacuum-sealer-accessories
vacuum seal bags,vacuum-sealer-accessories
chamber vacuum sealer,commercial-vacuum-sealers
vacuum sealer machine,vacuum-sealers
vacuum seal machine,vacuum-sealers
vacuum sealing machine,vacuum-sealers
vacuum sealer for mason jars,specialty-vacuum-sealers
mason jar vacuum sealer,specialty-vacuum-sealers
vacuum seal mason jars,specialty-vacuum-sealers
vacuum sealer for food,vacuum-sealers
vacuum food sealer,vacuum-sealers
commercial vacuum sealer,commercial-vacuum-sealers
vacuum seal storage bags,vacuum-sealer-accessories
vacuum seal containers,vacuum-sealer-accessories
vacuum seal bags for food,vacuum-sealer-accessories
vacuum seal bags for clothes,vacuum-sealer-accessories
vacuum sealer for clothes,vacuum-sealer-accessories
vacuum seal clothes,vacuum-sealer-accessories
vacuum seal mattress bag,vacuum-sealer-accessories
vacuum seal travel bags,vacuum-sealer-accessories
vacuum seal backpack,vacuum-sealer-accessories
handheld vacuum sealer,compact-vacuum-sealers
sous vide vacuum sealer,specialty-vacuum-sealers
vacuum sealer reviews,vacuum-sealer-buying-guides
top rated vacuum sealer,vacuum-sealer-buying-guides
vacuum sealing,vacuum-sealer-guides
vacuum chamber sealer,commercial-vacuum-sealers
reusable vacuum seal bags,vacuum-sealer-accessories
mylar vacuum seal bags,vacuum-sealer-accessories
vacuum sealer rolls,vacuum-sealer-accessories
vacuum sealing bags,vacuum-sealer-accessories
large vacuum seal bags,vacuum-sealer-accessories
vacuum heat sealer machine,vacuum-sealers
industrial vacuum sealer,commercial-vacuum-sealers