"Name","Description","Short description","Regular price","Images","Meta:asin","Category"
"Air Fryer 5QT Nonstick Grey 4-in-1 Cooker Dehydrate Roast","Experience the ultimate in crispy cooking with the Ninja Air Fryer Pro, featuring Air Crisp Technology that surrounds your favorite foods with superheated air for hot, crispy results at temperatures of up to 400F. With a large 5 QT capacity, you can cook up to 4 lbs of French fries and other crispy treats using little to no oil, making it easy to enjoy your favorite guilt-free snacks. This versatile air fryer offers four cooking functions, including Air Fry, Roast, Reheat, and Dehydrate, allowing you to satisfy any craving, from crispy appetizers and snacks to full meals, all with minimal oil and maximum flavor. Additionally, the nonstick basket and crisper plate make cleanup a breeze, so you can focus on cooking and enjoying your favorite dishes, crispy and healthy, every time."," AIR CRISP TECHNOLOGY: 400℉ superheated air surrounds food for hot, crispy results with little to no oil.
 LARGE CAPACITY: The 5-QT nonstick basket and crisper plate fit up to 4 lbs of French fries or 5 lbs of chicken wings.
 4-in-1 FUNCTIONALITY: Air Fry, Roast, Reheat, and Dehydrate.
 GUILT-FREE FRIED FOODS: Up to 75% less fat than traditional air frying methods. Tested against hand-cut, deep-fried French fries.
 FROZEN TO CRISPY: Cook frozen foods in just minutes for an extra-crispy finish.
 SPACE SAVER: Ninja’s latest air fryer design allows you to save even more space on your countertop without compromising capacity.
 EASY TO CLEAN: The basket and crisper plate are both nonstick for easy cleaning.
 WHAT’S INCLUDED: Air Fryer, 5-QT nonstick basket and crisper plate, chef-inspired 20 recipe book and cooking charts.",89.99,"https://m.media-amazon.com/images/I/71QwoGmcfUL._AC_SL1500_.jpg,https://m.media-amazon.com/images/I/71Q6tn4z2KL._AC_SL1500_.jpg,https://m.media-amazon.com/images/I/81QajOlVmvL._AC_SL1500_.jpg,https://m.media-amazon.com/images/I/81zS44I2GWL._AC_SL1500_.jpg,https://m.media-amazon.com/images/I/81lQgk2DUFL._AC_SL1500_.jpg,https://m.media-amazon.com/images/I/71xd475WpRL._AC_SL1500_.jpg,https://m.media-amazon.com/images/I/71VGBzgBLsL._AC_SL1500_.jpg,https://m.media-amazon.com/images/I/91Zpg+gEw8L._AC_SL1500_.jpg,https://m.media-amazon.com/images/I/71y4HMkXOmL._AC_SL1500_.jpg,https://m.media-amazon.com/images/I/61tPb9qyXAL._AC_SL1500_.jpg","B0CSZ7WBYW","air-fryer-brands"
"Digital Air Fryer 4 Quart Medium Size Oven Cooker","Experience the ultimate in healthy frying with the Oster 4 Quart Digital Air Fryer, a versatile kitchen appliance that uses up to 99.5% less oil than traditional deep fryers to deliver crispy, fried food results with minimal guilt. With 10 pre-set digital functions, including bake, dehydrate, and reheat, you can effortlessly prepare a wide range of delicious meals, from succulent chicken wings and tender fish to golden french fries and mouth-watering desserts. The air fryer's viewing window and interior cooking chamber light provide optimal visibility, allowing you to monitor your food as it cooks, while the durable, non-stick coating ensures easy food release and hassle-free cleaning. Featuring a 60-minute timer with an audible ready alert, this air fryer takes the guesswork out of cooking, and its modern, matte black exterior with chrome accents makes a stylish addition to any kitchen. Perfect for health-conscious home cooks and busy families alike, the Oster 4 Quart Digital Air Fryer is a must-have kitchen essential for effortless, oil-free cooking every day."," 10-Preset Digital Functions: Bake, chicken wings, dehydrate, dessert, fish, french fries, meat, reheat, whole chicken, and vegetables, for easily making all of your favorite meals.
 Removable Viewing Window: Lets you monitor cooking process, and removes for easy cleaning.
 Sleek, Modern Design: Matte black exterior with chrome accents and easy-to-clean digital screen.
 Healthier Cooking: Get the delicious, crispy results you love, with up to 99.5% less oil than traditional deep fryers.
 Durable Nonstick Surface: Scratch-resistant finish won't flake or peel and ensures that food won't stick.
 Interior Cooking Chamber Light: Offers enhanced visibility while monitoring cooking progress.
 60-Minute Timer: With audible ""ready"" alert to let you know when food is done.",91.63,"https://m.media-amazon.com/images/I/6104Hct8wPL._AC_SL1500_.jpg,https://m.media-amazon.com/images/I/81Qrh0+Sn9L._AC_SL1500_.jpg,https://m.media-amazon.com/images/I/71PlQIv4eaL._AC_SL1500_.jpg,https://m.media-amazon.com/images/I/81aReO0lCRL._AC_SL1500_.jpg,https://m.media-amazon.com/images/I/81Mt6qnxjlL._AC_SL1500_.jpg,https://m.media-amazon.com/images/I/81vLe+6cLVL._AC_SL1500_.jpg","B0D1LNZSLP","air-fryer-brands"
"Portable Air Fryer 4QT Glass Cooker Oven Bakeware Set","Experience the convenience of a full-sized air fryer in a portable design with the Ninja Crispi Portable Cooking System, boasting 1500W of power for rapid cooking. Featuring a 6-cup and 4-QT TempWare container, this versatile cooking system allows for effortless preparation of single-serve meals in just 7 minutes, perfect for busy individuals on-the-go. The Ninja Crispi is also ideal for sharing crispy snacks with friends and family or serving larger crowds, making it an essential addition to any kitchen or outdoor gathering. With the innovative TempWare glassware, you can effortlessly transition from frozen to crispy in minutes, streamlining your cooking process and delivering delicious results every time."," ALL-IN-ONE SYSTEM: Includes the Ninja Crispi PowerPod, 4-qt and 6-cup TempWare glass containers, and 2 storage lids.
 CRISPI POWERPOD: The power of a full-sized air fryer now in the palm of your hand.
 SMALL & LARGE BATCH CONTAINERS: 6 cup container cooks a personal sized meal in 7 mins while the 4 QT fits a 4-LB chicken and veggies.
 THERMAL SHOCK RESISTANT: Borosilicate glassware can go from frozen to crispy in minutes.
 4-in-1 FUNCTIONALITY: Max Crisp, Bake, Air Fry, & Recrisp.
 FIXED HEAT PROTECTION: Permanently fixed heat-safe feet so you can safely set it on granite, laminate, quartz, butcher block, marble, and more.
 LEAK-PROOF LIDS: Snap-lock lids ensure your meal won’t spill on the go.
EASY STORAGE: Ninja’s Crispi PowerPod and TempWare glassware nests together for mess-free storage in your cabinets.
CRISPI CONTAINER ADAPTER: Includes an adapter so the Crispi PowerPod can be used on the larger container.
EASY TO CLEAN: Containers, crisper plates, adapter and lids are dishwasher safe.",159.99,"https://m.media-amazon.com/images/I/71ikTqH2kiL._AC_SL1500_.jpg,https://m.media-amazon.com/images/I/81khU-3QiwL._AC_SL1500_.jpg,https://m.media-amazon.com/images/I/81fsZE+q27L._AC_SL1500_.jpg,https://m.media-amazon.com/images/I/81xXWCEn3aL._AC_SL1500_.jpg,https://m.media-amazon.com/images/I/81bbvbiCamL._AC_SL1500_.jpg,https://m.media-amazon.com/images/I/81pujwCbg0L._AC_SL1500_.jpg,https://m.media-amazon.com/images/I/81Glpl4DihL._AC_SL1500_.jpg,https://m.media-amazon.com/images/I/81qG7ESHLqL._AC_SL1500_.jpg,https://m.media-amazon.com/images/I/81ELuPx4-AL._AC_SL1500_.jpg,https://m.media-amazon.com/images/I/81MMjlTzvXL._AC_SL1500_.jpg,https://m.media-amazon.com/images/I/713DpCFlYFL._AC_SL1500_.jpg,https://m.media-amazon.com/images/I/71JZ6+55hPL._AC_SL1500_.jpg,https://m.media-amazon.com/images/I/81hiKV9hXlL._AC_SL1500_.jpg,https://m.media-amazon.com/images/I/815pK5F3tmL._AC_SL1500_.jpg,https://m.media-amazon.com/images/I/81EVUNWAD6L._AC_SL1500_.jpg,https://m.media-amazon.com/images/I/71ulO8nwgsL._AC_SL1500_.jpg","B0DDDD8WD6","air-fryer-brands"
"Air Fryer 4-in-1 Oven Roast Bake Dehydrate 4QT Compact","Experience the power of speedy meal prep with the Ninja Air Fryer, a revolutionary kitchen appliance that cooks your favorite foods up to 50% faster than traditional ovens, making it a game-changer for busy families. This innovative air fryer ensures a crispy, golden finish on your meals every time, thanks to its advanced smart processor that automatically adjusts fan speeds for optimal hot air circulation, allowing for effortless cooking of a variety of dishes, from crispy 2 lbs. of French fries to roasted vegetables, all with minimal oil required. The generous 4-quart ceramic-coated basket accommodates family-sized portions, while the wide temperature range enables versatile cooking functions, including air frying, baking, roasting, reheating, and dehydrating, making it an essential addition to your kitchen countertop for quick and easy meal solutions. With its rapid cooking capabilities and little to no oil needed, the Ninja Air Fryer is perfect for health-conscious home cooks seeking a convenient and delicious way to prepare meals and snacks for the whole family."," LESS FAT: Now enjoy guilt-free food. Air fry with up to 75% less fat than traditional frying methods. Tested against hand-cut, deep-fried French fries.
 WIDE TEMPERATURE RANGE: 105°F-400°F allows you to gently remove moisture from foods or quickly cook and crisp foods with convection heat.
 FAMILY-SIZED CAPACITY: 4-quart ceramic-coated nonstick basket and crisper plate fit 2 lbs of French fries.
 4-IN-1 VERSATILITY: Includes 4 versatile cooking programs: Air Fry, Roast, Reheat, and Dehydrate.
 DEHYDRATE: Create flat, chip-like dehydrated foods for fun, homemade snacks. The combination of low fan speed and low temperature enables thorough dehydration.
 EASY-TO-CLEAN: Dishwasher safe parts including the basket, and crisper plate. Wipe to clean machine exterior.
 WHAT'S INCLUDED: Shark Air Fryer, 4 Quart Nonstick Basket, Crisper Plate, and 20 Recipe Booklet.",89.99,"https://m.media-amazon.com/images/I/71+8uTMDRFL._AC_SL1500_.jpg,https://m.media-amazon.com/images/I/81IFXxclpbL._AC_SL1500_.jpg,https://m.media-amazon.com/images/I/911LxsOy5gL._AC_SL1500_.jpg,https://m.media-amazon.com/images/I/91Gdn1R8CfL._AC_SL1500_.jpg,https://m.media-amazon.com/images/I/71vMsFfbCHL._AC_SL1500_.jpg,https://m.media-amazon.com/images/I/91zhz9c1x+L._AC_SL1500_.jpg,https://m.media-amazon.com/images/I/912UFBdRwcL._AC_SL1500_.jpg,https://m.media-amazon.com/images/I/714BiSkDPDL._AC_SL1500_.jpg,https://m.media-amazon.com/images/I/81mwqriqAzL._AC_SL1500_.jpg","B07FDJMC9Q","air-fryer-brands"
"Ninja Foodi 8Qt 6-in-1 Air Fryer Dual Zone Grey","Experience the ultimate in cooking convenience with the Ninja Foodi 6-in-1 8-qt. 2-Basket Air Fryer, featuring innovative Dual Zone Technology that enables simultaneous cooking of two different foods. This groundbreaking air fryer boasts two independent baskets, allowing you to cook multiple meals at once, eliminating the need for back-to-back cooking sessions. The Smart Finish feature of the Dual Zone Technology intelligently manages cooking times, ensuring that both foods are perfectly cooked and ready to serve at the same time, making meal prep a breeze and revolutionizing the way you use your air fryer."," 2 INDEPENDENT BASKETS: The original Air Fryer with 2 independent baskets, the XL air fryer lets you cook 2 foods, 2 ways, at the same time, eliminating back-to-back cooking like a traditional single-basket air fryer.
 SMART FINISH & MATCH COOK: DualZone Technology allows you to choose between the Smart Finish feature, which unlocks cooking 2 foods 2 ways that finish at the same time, and the and a Match Cook button to easily copy settings across zones for full 8-qt capacity.
 6-IN-1 FUNCTIONALITY: Includes 6 versatile cooking programs: Air Fry, Air Broil, Roast, Bake, Reheat, and Dehydrate. The baskets can be washed in the dishwasher or by hand.
 XL CAPACITY: The 8-quart air fryer capacity lets you fit mains and sides at the same time for making quick family meals, or up to 4 lbs. of French fries or chicken wings.
 SEPARATE HEATING ZONES: 2 independent 4-quart zones have their own cooking baskets, cyclonic fans, and rapid heaters.
 EASY CLEANING: Easy-to-clean baskets and dishwasher-safe crisper plates.
 LESS FAT: Up to 75% less fat than traditional air frying methods. Tested against hand-cut, deep-fried French fries.
WIDE TEMPERATURE RANGE: 105°F to 450°F allows you to gently remove moisture from foods or quickly cook and crisp foods with convection heat.
WHAT'S INCLUDED: DualZone Air Fryer, (2) 4 Quart Baskets, (2) Nonstick Crisper Plates, 15 Recipes, Additional Meal Options & Cooking Charts.
Cord Length: 32""",199,"https://m.media-amazon.com/images/I/511+uXaPLlL._AC_SL1001_.jpg,https://m.media-amazon.com/images/I/6140b+ma8sL._AC_SL1001_.jpg,https://m.media-amazon.com/images/I/61-LCGtzQUL._AC_SL1001_.jpg,https://m.media-amazon.com/images/I/61ZzH5HigSL._AC_SL1001_.jpg,https://m.media-amazon.com/images/I/61kiwUy22eL._AC_SL1001_.jpg,https://m.media-amazon.com/images/I/81HK-BHAMKL._AC_SL1500_.jpg,https://m.media-amazon.com/images/I/61rRi6+py1L._AC_SL1001_.jpg,https://m.media-amazon.com/images/I/71FLSYHvW9L._AC_SL1500_.jpg,https://m.media-amazon.com/images/I/71dcM8g6IAL._AC_SL1500_.jpg,https://m.media-amazon.com/images/I/51K9+mzlqdL._AC_SL1001_.jpg,https://m.media-amazon.com/images/I/61UVY5v4StL._AC_SL1001_.jpg,https://m.media-amazon.com/images/I/51ibz0gcE1L._AC_SL1001_.jpg,https://m.media-amazon.com/images/I/51WakqT081L._AC_SL1001_.jpg,https://m.media-amazon.com/images/I/91NjZc9MtcL._AC_SL1500_.jpg","B089TQWJKK","air-fryer-brands"
"Digital Air Fryer Oven 8-in-1 Countertop XL Capacity Silver","Experience unparalleled kitchen versatility with the Ninja Foodi Digital Air Fry Oven Pro, offering 8-in-1 functionality that combines Air Fry, Air Roast, Broil, and Dehydrate capabilities, allowing you to cook a wide range of dishes with ease and precision. Featuring advanced Digital Crisp Control Technology Pro, this innovative oven enables you to achieve optimum cooking results at temperatures of up to 450°F, ensuring your favorite foods are cooked to perfection every time. With its space-saving design, you can effortlessly cook and then flip the oven up and away, instantly reclaiming valuable counter space to keep your kitchen organized and clutter-free."," DIGITAL CRISP CONTROL TECHNOLOGY: Precision-controlled temperature, heat source, and air flow for ultimate versatility and optimum cooking performance.
 INCREASED HEIGHT: Increased height capacity vs. the original Ninja Foodi Digital Air Fry Oven. Fits a full 2-lb roast.
 8-IN-1 VERSATILITY: 8 functions include Air Fry, Air Roast, Bake, Broil, Toast, Bagel, Dehydrate, and Keep Warm in an all-in-one, powerful, 1800-watt appliance.
 LESS FAT: Eat all of your air fried favorites guilt-free with up to 75% less fat when using the Air Fry function vs. traditional deep frying. Tested against hand-cut, deep fried French Fries.
 FASTER COOKING: Up to 60% faster cooking vs. a full-size electric oven, with Air Oven functions ready for cooking in 60 seconds.
 XL FAMILY-SIZED CAPACITY: Air Fry and Roast up to 4 lbs. of ingredients. Bake a 13"" pizza and toast up to 9 slices of bread.
 RECLAIM YOUR COUNTER SPACE: Takes up 45% less space when you flip it up and away to store against your kitchen backsplash.
SELECT TOAST DONENESS: Toast and bagels done the way you like with a toast darkness selector to get it just right.
WHAT’S INCLUDED: Countertop Oven, Air Fry Basket, Sheet Pan, Wire Rack & Removable Crumb Tray.",169.99,"https://m.media-amazon.com/images/I/81eJZm1zPbL._AC_SL1500_.jpg,https://m.media-amazon.com/images/I/91cmfIoqwdL._AC_SL1500_.jpg,https://m.media-amazon.com/images/I/9135fCr0RfL._AC_SL1500_.jpg,https://m.media-amazon.com/images/I/81oiYC76OML._AC_SL1500_.jpg,https://m.media-amazon.com/images/I/81f3FoFT6lL._AC_SL1500_.jpg,https://m.media-amazon.com/images/I/81nJ1wyLIeL._AC_SL1500_.jpg,https://m.media-amazon.com/images/I/91dpEG3Th4L._AC_SL1500_.jpg,https://m.media-amazon.com/images/I/81vTl0pYZxL._AC_SL1500_.jpg,https://m.media-amazon.com/images/I/711vXXaKxbL._AC_SL1500_.jpg","B08QZZY53M","air-fryer-brands"
"Non-Stick Air Fryer 4.5QT Large Capacity Digital Airfryer","This product is a premium item designed to provide exceptional quality and performance, offering a seamless user experience with its innovative features and sleek design, perfect for those seeking a high-end solution that combines style and functionality, making it an excellent addition to any collection, while its durability and reliability ensure a long-lasting lifespan, allowing users to enjoy its benefits for years to come, and with its eco-friendly materials and sustainable production process, it's an ideal choice for environmentally conscious consumers who demand top-notch products that not only deliver outstanding results but also align with their values."," Versatile Air Fryers: Our glass air fryers are equipped with the latest 360° hot air circulation system, which can replace a variety of small kitchen appliances to become your all-around cooking partner. The system ensures that the hot air is completely wrapped around the ingredients to prevent partial burning of the food, while reducing the sticking phenomenon and making the cooking process smoother.
 Transparent Glass Body: The unique glass material allows you to clearly observe the changes in the food during cooking. No need to open the lid frequently to avoid heat loss and ensure that the food is heated evenly, you can more accurately control the cooking progress like a precise time not to miss any delicious moment and taste every bite just right.
 5 Preset One-click Operation: Built-in seafood baked fries steak chicken 5 common food preset programs, and carry a manual just click to automatically match the best cooking time and temperature without complicated Settings, kitchen can easily make professional cuisine, in addition to the time setting interval is 5-60 minutes to provide you with plenty of time to control.
 Efficient and Fast heating: Equipped with efficient heating system can quickly heat up in a short time so that the food is evenly heated and delicious without long waiting. Unlike other ordinary air fryers, our products give you more freedom in temperature and time Settings, and the temperature adjustment range is up to 400°F, which is far beyond the ordinary products, whether it is low temperature and slow roasting of delicate dishes or high temperature and fast frying of crispy food.
 Easy to Clean: The glass inner liner and stir-fry basket are coated with non-toxic materials, and the special coating effectively prevents the adhesion of food residues. Cleaning up is a simple task that you can wash by hand easily and quickly or put in the dishwasher. You are also provided with a set of practical accessories with insulated gloves to ensure safe handling of food without getting burned, and gourmet recipes to inspire you to create delicious, silicone MATS and clamps are included to make your cooking experience more convenient.",129,"https://m.media-amazon.com/images/I/61f9+3aqpwL._AC_SL1500_.jpg,https://m.media-amazon.com/images/I/71+1yj7-dmL._AC_SL1500_.jpg,https://m.media-amazon.com/images/I/71Zvt34vrLL._AC_SL1500_.jpg,https://m.media-amazon.com/images/I/71qaTMJeZXL._AC_SL1500_.jpg,https://m.media-amazon.com/images/I/71Cej52-tSL._AC_SL1500_.jpg,https://m.media-amazon.com/images/I/611k1dPg0TL._AC_SL1500_.jpg","B0DSH3GL7F","air-fryer-brands"
"XL Air Fryer Oven 6-in-1 Cooker 10QT Double Basket Grey","Experience the ultimate in air frying convenience with the Ninja DoubleStack XL 2-Basket Air Fryer, capable of cooking up to 4 foods simultaneously, perfect for family-sized meals and maximizing counter space with its efficient 10-QT stacked design. With DoubleStack Air Frying technology, this innovative air fryer delivers optimal air flow and even heat, ensuring crispy, golden perfection every time, whether you're cooking veggies, proteins, or a combination of both. The dual 5-QT baskets enable simultaneous preparation of different dishes, making multi-tasking in the kitchen effortless, and allowing you to cook more food in a smaller footprint, ideal for smaller kitchens where space is limited. Enjoy the flexibility to cook two 5-lb chickens or 5 lbs of wings in each drawer, keeping your countertops clear of clutter while savoring delicious homemade meals, making it an essential addition to any kitchen, outperforming similar models like the NINJA AF080 and CHEFMAN 5QT Air Fryer in terms of power and efficiency."," SPACE SAVING DESIGN: Ninja’s stacked design lets you cook double the food in nearly half the space and still fits under standard cabinets. Plus, it’s 40% slimmer than your traditional 2-basket air fryers.
 DOUBLESTACK AIR FRYING TECHNOLOGY: Only Ninja’s stacked design has 2 independently controlled baskets so you can cook 4 foods at once.
 COOK 4 FOODS WITH STACKED MEAL RACKS: Includes 2 removable stacked meal racks allowing you to cook on 2 levels per basket. Superheated air surrounds both foods in each basket for an all-around crisp.
 SMART FINISH & MATCH COOK: Choose between the Smart Finish feature, which unlocks cooking 2 foods 2 ways that finish at the same time, and the Match Cook feature, which easily copies settings across zones for full 10-qt. capacity meals.
 XL FAMILY-SIZED CAPACITY: 10 QT capacity lets you cook two, 5-lb chickens at once and can feed up to 8 people.",219.95,"https://m.media-amazon.com/images/I/711xrX66pzL._AC_SL1500_.jpg,https://m.media-amazon.com/images/I/819dIfInpsL._AC_SL1500_.jpg,https://m.media-amazon.com/images/I/71HGoBNw8pL._AC_SL1500_.jpg,https://m.media-amazon.com/images/I/81d9SJ9LeAL._AC_SL1500_.jpg,https://m.media-amazon.com/images/I/81t7VdRa9ZL._AC_SL1500_.jpg,https://m.media-amazon.com/images/I/61fmMDp4UoL._AC_.jpg,https://m.media-amazon.com/images/I/81LqRb2yq7L._AC_SL1500_.jpg,https://m.media-amazon.com/images/I/81-3Zn9Xw-L._AC_SL1500_.jpg,https://m.media-amazon.com/images/I/91HZHLZZlSL._AC_SL1500_.jpg,https://m.media-amazon.com/images/I/81lb1PwRedL._AC_SL1500_.jpg,https://m.media-amazon.com/images/I/714PvPQRlOL._AC_SL1500_.jpg,https://m.media-amazon.com/images/I/81v4PMxvgXL._AC_SL1500_.jpg,https://m.media-amazon.com/images/I/91MPc-OWkzL._AC_SL1500_.jpg,https://m.media-amazon.com/images/I/815NP7fvBfL._AC_SL1500_.jpg,https://m.media-amazon.com/images/I/81kZwvRhAuL._AC_SL1500_.jpg,https://m.media-amazon.com/images/I/61tPb9qyXAL._AC_SL1500_.jpg","B0CZS6SS3Y","air-fryer-brands"
"6-in-1 Indoor Electric Grill Air Fryer Oven Roaster Broiler Dehydrator","Experience the ultimate grilling experience with the Ninja Foodi Smart XL Grill, a revolutionary cooking appliance that expertly sears, sizzles, and air fry crisps your favorite foods to perfection. Featuring a sleek and modern design, this innovative grill offers the same exceptional functions and benefits you've come to love, with the added convenience of a Smart Cook System that ensures perfectly cooked meals every time, from rare to well-done, at the touch of a button. With its extra-large capacity, you can effortlessly grill large family meals or prepare guilt-free, air-fried versions of your favorite fried foods, making it an ideal addition to any kitchen for those seeking a healthier and more efficient cooking solution."," NINJA FOODI SMART XL GRILL: Updated, sleek design with the same functions & benefits. Indoor countertop Grill and Air Fryer with the Smart Cook System & Thermometer.
 SMART COOK SYSTEM & THERMOMETER: The Foodi Smart Thermometer enables you to achieve the perfect doneness, from rare to well-done with 4 protein settings & 9 customizable doneness levels. Do it at the touch of a button with no more guesswork, hassle-free.
 CYCLONIC GRILLING TECHNOLOGY: Uses 500°F of hot cyclonic air and 500°F grill grate to perfectly cook or char grill your food with char-grilled marks and delicious flavors.
 Wattage: 1760 watts; voltage: 120 volts.
 6 VERSATILE COOKING FUNCTIONS: Grill, Air Crisp, Roast, Bake, Broil, and Dehydrate functions enabled by the wide temperature range.
 UP TO 75% LESS FAT: Air fry crisp with up to 75% less fat than deep frying (tested against hand-cut, deep-fried French fries), using the included 4-qt. crisper basket.
 SMOKE CONTROL SYSTEM: The combination of our chef-recommended grilling practices, a temperature-control grill grate, splatter shield, and cool-air zone reduces smoke, keeping it out of the kitchen.
FORGET ABOUT DEFROSTING: Transform foods from frozen to perfectly char grilled in under 25 minutes.
EASY-TO-CLEAN: The ceramic-coated, removable grill grate, crisper basket, and cooking pot are all dishwasher safe, easy to clean, and PTFE/PFOA-free.
WHAT'S INCLUDED: Ninja Smart XL Grill, 9"" x 12"" Grill Grate, 4-qt. Crisper Basket, 4-qt. Cooking Pot, Foodi Smart Thermometer, Cleaning Brush, & Chef-Created 15 Recipe Book.",169.99,"https://m.media-amazon.com/images/I/719PA1zrZ9L._AC_SL1500_.jpg,https://m.media-amazon.com/images/I/81rY1k8tcsL._AC_SL1500_.jpg,https://m.media-amazon.com/images/I/81ZVnaa3t7L._AC_SL1500_.jpg,https://m.media-amazon.com/images/I/81V3VhSuqPL._AC_SL1500_.jpg,https://m.media-amazon.com/images/I/81tWnSjXgCL._AC_SL1500_.jpg,https://m.media-amazon.com/images/I/91UYxroosDL._AC_SL1500_.jpg,https://m.media-amazon.com/images/I/81xd1b6v2SL._AC_SL1500_.jpg,https://m.media-amazon.com/images/I/81fZ10QfsKL._AC_SL1500_.jpg,https://m.media-amazon.com/images/I/91qSkb3Z6NL._AC_SL1500_.jpg,https://m.media-amazon.com/images/I/81tjJ6WlhEL._AC_SL1500_.jpg,https://m.media-amazon.com/images/I/81zbgiKWopL._AC_SL1500_.jpg,https://m.media-amazon.com/images/I/71Zv3sYbyFL._AC_SL1500_.jpg","B0B3S5GWX7","air-fryer-brands"
"Air Fryer Toaster Oven 8-in-1 Stainless Steel 1800W","Experience the ultimate in kitchen convenience with the Ninja Flip Toaster Oven & Air Fryer, a versatile convection oven, air fryer, and toaster that delivers crispy results with its innovative flip-up design, perfect for space-saving counter tops. With its unique space-saving feature, you can flip it up against your backsplash when not in use, freeing up 50% more counter space. The advanced OvenCrisp Technology utilizes infrared heat and rapid air circulation to achieve quick and even cooking, ensuring optimal results for all your culinary creations. This multifunctional countertop appliance boasts 8 convenient functions, allowing you to air fry, roast, broil, bake, make pizza, toast, bagel, and dehydrate, making it the perfect addition to any kitchen, and a must-have for home cooks and air fryer enthusiasts alike, providing endless possibilities for healthy meals, snacks, and treats."," RECLAIM YOUR COUNTER SPACE: Takes up 50% less space when you flip it up and away to store against your backsplash.
 OVENCRISP TECHNOLOGY: Infrared heating and rapid circulating air combine for edge-to-edge even cooking.
 8-in-1 FUNCTIONALITY: Air fry, Roast, Broil, Bake, Pizza, Toast, Bagel, Dehydrate.
 LARGE CAPACITY, SMALL FOOTPRINT: Air fry & roast up to 4 lbs of ingredients, bake a 12” pizza, toast up to 6 slices of bread, fits 6 chicken breasts.
 QUICK FAMILY MEALS: Family-sized meals that feed up to 4 people in as little as 20 minutes.
 ENERGY EFFICIENT: 80% more energy efficient than a traditional full-size oven.
 AIR FRY YOUR FAVORITES: Up to 75% less fat than traditional frying methods. Tested against hand-cut, deep-fried French fries.
WIDE TEMPERATURE RANGE: 6 infrared heating elements enable a temperature range of 85-450F.
FASTER COOKING: Rapid hot air circulates all around your food at different speeds for 50% faster cooking and crisping vs a traditional oven.
WHAT'S INCLUDED: Ninja Flip Toaster Oven & Air Fryer, air fry basket, sheet pan, wire rack, removable crumb tray, quick start guide.",239.99,"https://m.media-amazon.com/images/I/812ozjyqAWL._AC_SL1500_.jpg,https://m.media-amazon.com/images/I/81o6KL3Nn8L._AC_SL1500_.jpg,https://m.media-amazon.com/images/I/81DXReXp64L._AC_SL1500_.jpg,https://m.media-amazon.com/images/I/81XN0qsRd1L._AC_SL1500_.jpg,https://m.media-amazon.com/images/I/91YEDjZLi9L._AC_SL1500_.jpg,https://m.media-amazon.com/images/I/81jH7RmMlkL._AC_SL1500_.jpg,https://m.media-amazon.com/images/I/91ACCSSTy2L._AC_SL1500_.jpg,https://m.media-amazon.com/images/I/81ELM0lO3aL._AC_SL1500_.jpg,https://m.media-amazon.com/images/I/81D6F4ywocL._AC_SL1500_.jpg,https://m.media-amazon.com/images/I/71mDjULCyDL._AC_SL1500_.jpg,https://m.media-amazon.com/images/I/81ORBcbKpxL._AC_SL1500_.jpg","B0D1CXL52G","air-fryer-brands"
"Air Fryer 5QT Capacity Air Crisp Technology Nonstick Basket Grey","Experience the ultimate in healthier frying with the Ninja Air Fryer Pro, utilizing Air Crisp Technology to deliver crispy results with superheated air at temperatures of up to 400F. This 5 QT capacity air fryer allows for cooking up to 4 lbs of fries with minimal oil, making it an ideal solution for those seeking guilt-free indulgence in their favorite foods. With the versatility of four built-in cooking functions - Air Fry, Roast, Reheat, and Dehydrate - the possibilities for creating a wide range of dishes are vast, from satisfying snacks to hearty meals. The nonstick basket and crisper plate ensure effortless food release and easy cleanup, providing a hassle-free cooking experience that lets you focus on exploring new recipes and flavors."," AIR CRISP TECHNOLOGY: 400℉ superheated air surrounds food for hot, crispy results with little to no oil.
 LARGE CAPACITY: The 5-QT nonstick basket and crisper plate fit up to 4 lbs of French fries or 5 lbs of chicken wings.
 4-in-1 FUNCTIONALITY: Air Fry, Roast, Reheat, and Dehydrate.
 GUILT-FREE FRIED FOODS: Up to 75% less fat than traditional air frying methods. Tested against hand-cut, deep-fried French fries.
 FROZEN TO CRISPY: Cook frozen foods in just minutes for an extra-crispy finish.
 SPACE SAVER: Ninja’s latest air fryer design allows you to save even more space on your countertop without compromising capacity.
 EASY TO CLEAN: The basket and crisper plate are both nonstick for easy cleaning.
 WHAT’S INCLUDED: Air Fryer, 5-QT nonstick basket and crisper plate.",84.95,"https://m.media-amazon.com/images/I/71QwoGmcfUL._AC_SL1500_.jpg,https://m.media-amazon.com/images/I/71Q6tn4z2KL._AC_SL1500_.jpg,https://m.media-amazon.com/images/I/81QajOlVmvL._AC_SL1500_.jpg,https://m.media-amazon.com/images/I/81zS44I2GWL._AC_SL1500_.jpg,https://m.media-amazon.com/images/I/81lQgk2DUFL._AC_SL1500_.jpg,https://m.media-amazon.com/images/I/71xd475WpRL._AC_SL1500_.jpg,https://m.media-amazon.com/images/I/71VGBzgBLsL._AC_SL1500_.jpg,https://m.media-amazon.com/images/I/91Zpg+gEw8L._AC_SL1500_.jpg,https://m.media-amazon.com/images/I/71y4HMkXOmL._AC_SL1500_.jpg","B0D6XGQDG6","air-fryer-brands"
"Dual Air Fryer Oven with 2 Baskets and 6 Cooking Functions","Experience the ultimate in culinary convenience with the Oster Flex Air Fryer Oven, designed to revolutionize family-size meal preparation with its multifaceted cooking capabilities, allowing you to air fry, bake, grill, reheat, roast, and turbo crisp with unparalleled ease. This innovative kitchen essential boasts dual 5.5-quart zones that function like two mini ovens, enabling simultaneous cooking of multiple dishes at the same temperature, or utilizing the Match and Sync Function to cook two distinct foods in different ways, ensuring both are ready at the same time. The addition of a glass window provides real-time monitoring of your dishes as they cook, while the modular design features a removable partition, transforming the dual air fryer ovens into a spacious 11-quart single oven, ideal for roasting a whole chicken. Accompanied by 8 dishwasher-safe accessories, including baskets, mesh trays, crumb trays, a large roasting tray, and a basket handle, this air fryer oven streamlines meal prep and cleanup, with an integrated storage drawer keeping all accessories neatly organized, empowering you to effortlessly create a wide range of delectable dishes, from appetizers and side dishes to main courses and decadent desserts."," Match and Sync Functions: Two temperature independent 5.5-qt. (5.5 L) zones function like two mini ovens. Cook food in both zones at the same time and temperature; or cook two foods two ways, with both finishing at the same time
 Modular Design for Convertible Cooking: Removable partition converts the dual air fryer ovens into a single 11-qt. (11 L) oven roomy enough to fit an entire chicken
 6 Cook Functions: Air fry, turbo crisp, roast, grill, bake, and reheat with one versatile kitchen appliance
 8 Dishwasher-Safe Accessories: Includes 2 baskets, 2 mesh trays, 2 crumb trays, a large roasting tray, and a basket handle
 Integrated Storage Drawer: Keeps accessories together and organized",277.45,"https://m.media-amazon.com/images/I/71otQISFqcL._AC_SL1500_.jpg,https://m.media-amazon.com/images/I/8198l-uq31L._AC_SL1500_.jpg,https://m.media-amazon.com/images/I/812PIqk3h-L._AC_SL1500_.jpg,https://m.media-amazon.com/images/I/81d9C-z5UJL._AC_SL1500_.jpg,https://m.media-amazon.com/images/I/81ZqLKaY-jL._AC_SL1500_.jpg,https://m.media-amazon.com/images/I/81MrliWYSvL._AC_SL1500_.jpg","B0D1LRQGDT","air-fryer-brands"
"Ninja Foodi 10-in-1 XL Air Fryer Oven Toaster Convection Bake Broil Silver","Experience the ultimate in cooking convenience with the Ninja Foodi Smart XL Air Oven, a revolutionary extra-large toaster oven and air fry oven that harnesses the power of True Surround Convection to deliver up to 10 times the convection power of traditional convection ovens, allowing for rapid cooking of family meals on two levels without the need for rotation. The innovative Smart Cook System ensures perfectly cooked meals every time, automatically monitoring the internal doneness of your food to prevent undercooking or overcooking, guaranteeing delicious results with minimal effort."," TRUE SURROUND CONVECTION: Up to 10X the convection power vs. a traditional full-size convection oven for faster, crispier, and juicy results.
 10 VERSATILE FUNCTIONS: Air Fry, Air Roast, Bake, Whole Roast, Broil, Toast, Bagel, Dehydrate, Reheat, and Pizza, all in one powerful 1800-watt appliance.
 SMART COOK SYSTEM: Achieve the perfect doneness from rare to well done at the touch of a button with the integrated Foodi Smart Thermometer - no guesswork required.
 QUICK FAMILY MEALS: 90-second oven preheat time and up to 30% faster cooking than a traditional full-size convection oven.
 EXTRA LARGE CAPACITY: 2-level even cooking, no rotating required—fit a 5-lb chicken and a sheet pan of vegetables, 2 12-in pizzas, or a 12-lb turkey. Make 2 sheet pan meals at once for entertaining or weekly meal prep.
 AIR FRYER HEALTHY MEALS & CRISPIER RESULTS: Up to 75% less fat when using the Air Fry function vs. traditional deep frying (tested against hand-cut, deep-fried French fries). Up to 30% crispier results vs. a traditional convection oven.
 DIGITAL DISPLAY HANDLE: The optimal oven rack positions will illuminate based on the selected function. When the door is open, display settings freeze to prevent any accidental changes to the cook cycle.
PERFECT COUNTERTOP OVEN FOR BAKING: Up to 50% more even baking results vs. a leading countertop oven.
EASY MEALS FOR LARGE GROUPS: Make 2 sheet pan meals at once for entertaining or weekly meal prep.
WHAT'S INCLUDED: Digital Air Fry Oven, (2) sheet pans, (2) wire racks, Air fry basket, Roast Tray, Crumb Tray, Foodi Smart Thermometer & 15 Recipe Guide. Cord length (in.): 36",279.99,"https://m.media-amazon.com/images/I/81wjvlr3a1L._AC_SL1500_.jpg,https://m.media-amazon.com/images/I/81HXBtdPRdL._AC_SL1500_.jpg,https://m.media-amazon.com/images/I/81duaWG3j+L._AC_SL1500_.jpg,https://m.media-amazon.com/images/I/81Lyt5YPlsL._AC_SL1500_.jpg,https://m.media-amazon.com/images/I/81iY26XdYwL._AC_SL1500_.jpg,https://m.media-amazon.com/images/I/81wie-UxCfL._AC_SL1500_.jpg,https://m.media-amazon.com/images/I/915AcK1-vvL._AC_SL1500_.jpg,https://m.media-amazon.com/images/I/81x-suKM-aL._AC_SL1500_.jpg,https://m.media-amazon.com/images/I/91cyFVmQcjL._AC_SL1500_.jpg,https://m.media-amazon.com/images/I/81n1DIa7EiL._AC_SL1500_.jpg,https://m.media-amazon.com/images/I/91CcIOMX4nL._AC_SL1500_.jpg,https://m.media-amazon.com/images/I/81vJLFybzdL._AC_SL1500_.jpg","B08BXXQ37X","air-fryer-brands"
"Ninja Foodi 11-in-1 Air Fryer Pressure Cooker 6.5qt Combo","Experience the ultimate in cooking versatility with the Ninja FD302 Foodi 11-in-1 Pro 6.5 qt. Pressure Cooker and air fryer, perfect for large groups and families, offering a range of cooking functions including pressure cooking, air frying, steaming, slow cooking, searing, sautéing, dehydrating, and more. The innovative TenderCrisp Technology combines pressure cooking and air frying in one nonstick pot, locking in juices quickly and finishing with a golden, crispy texture, while the 6.5-quart cooking pot can accommodate up to a 5-lb. chicken or a 6-lb. roast. With the 4.6-quart Cook & Crisp Plate, enjoy a large air frying capacity, making up to 3 lbs. of hand-cut French fries with up to 75% less fat than traditional frying methods, and utilize the stainless-steel nesting broil rack for added cooking capacity. Featuring 11 programmable cooking functions, including Pressure Cook, Air Fry/Air Crisp, Steam, Slow Cook, Yogurt, Sear/Sauté, Bake/Roast, Broil, Dehydrate, Sous Vide, and Keep Warm, this air fryer with racks is designed to meet all your cooking needs, from everyday meals to family gatherings, and effortlessly transitions from pressure cooking to air frying, making it a must-have in any kitchen."," TENDERCRISP TECHNOLOGY: These Ninja air fryers combine the best of pressure cooking and air frying to quickly lock in juices and give your meals a golden, crispy finish — all in one pressure cooker air fryer combo.
 COOK FOR LARGE GROUPS: The Ninja pressure cooker and air fryer 6.5 qt nonstick cooking pot fits up to a 5-lb. chicken or a 6-lb. roast for creating meals for large groups.
 LARGE AIR FRYING CAPACITY: Use the 4.6 qt Cook & Crisp Plate in this large air fryer to make up to 3 lbs. of hand-cut French fries with up to 75% less fat than traditional frying.
 NESTING BROIL RACK: The stainless steel air fryer broil rack provides the ability to steam, broil, add extra capacity to your Ninja Foodi cookers meals, and stores easily inside the pot.
 11-IN-1 VERSATILITY: Utilize 11 programmable cooking functions on this Ninja airfryer to Pressure Cook, Air Fry/Air Crisp, Steam, Slow Cook, Yogurt, Sear/Sauté, Bake/Roast, Broil, Dehydrate, Sous Vide & Keep Warm.",149.99,"https://m.media-amazon.com/images/I/71uVj+gxeDL._AC_SL1500_.jpg,https://m.media-amazon.com/images/I/71P4NrvlNkL._AC_SL1500_.jpg,https://m.media-amazon.com/images/I/81LZHiM2SaL._AC_SL1500_.jpg,https://m.media-amazon.com/images/I/81+6+73sgxL._AC_SL1500_.jpg,https://m.media-amazon.com/images/I/81KWwYEAJyL._AC_SL1500_.jpg,https://m.media-amazon.com/images/I/81QXiG--n-L._AC_SL1500_.jpg,https://m.media-amazon.com/images/I/71028aXg1aL._AC_SL1500_.jpg","B08YP4NHQM","air-fryer-brands"
"Indoor Electric Grill Air Fryer 6-in-1 Ninja Foodi XL Black","Experience the ultimate in indoor grilling with the Ninja FG551 Foodi Smart XL 6-in-1, a revolutionary kitchen appliance that combines the functions of an indoor grill, air fryer, roaster, baker, broiler, and dehydrator in one sleek and powerful unit. With its advanced smart thermometer, achieve perfect doneness every time, whether you're grilling juicy burgers, air frying crispy fries, or roasting tender chickens. The black and silver finish gives this open box model a sleek and modern look that will complement any kitchen decor, while its 6-in-1 functionality provides endless cooking possibilities, from healthy air fried meals to perfectly broiled steaks and dehydrated snacks, making it an essential addition to any home cook's arsenal."," NINJA FOODI SMART XL GRILL: The Smart XL grill that sears, sizzles, and crisps. Indoor countertop Grill and Air Fryer with the Smart Cook System and Thermometer..Amperage : 15 amps, Cord Length : 91.44 cm.Frequency : 60 Hz
 CYCLONIC GRILLING TECHNOLOGY: Uses 500°F cyclonic air to perfectly cook or char grill your food to your desired doneness on the grill grate for delicious, char grilled marks and flavors.
 SMART COOK SYSTEM plus THERMOMETER: The Foodi Smart Thermometer enable you to achieve the perfect doneness from rare to well with 4 smart protein settings and 9 customizable doneness levels. Do it all at a touch of a button with no more guesswork and no more over or under cooking.
 XL CAPACITY: Grill grate fits up to 6 steaks, up to 24 hot dogs, mains, and sides at the same time, and more.
 6 COOKING FUNCTIONS: Grill, Air Crisp, Roast, Bake, Broil and Dehydrate functions enabled by the wide temperature range.
 UP TO 75% LESS FAT: Air fry crisp with up to 75% less fat than deep frying (tested against hand cut, deep fried French fries), using the included 4 qt crisper basket.
 SMOKE CONTROL SYSTEM: the combination of our chef recommended grilling practices, a temperature controlled grill grate, splatter shield, and cool air zone reduces smoke, keeping it out of the kitchen.
FORGET ABOUT DEFROSTING: Transform foods from frozen to perfectly char grilled in under 25 minutes.
DUAL SENSOR FOODI SMART THERMOMETER: Continuously monitors temperature in two places for even more accurate results.
WHAT’S INCLUDED: Ninja Smart XL Grill, 9"" x 12"" Grill Grate, 4 qt. Crisper Basket, 4 qt. Cooking Pot, Foodi Smart Thermometer, Cleaning Brush and Chef Created 15 Recipe Book.",229.99,"https://m.media-amazon.com/images/I/71hni9WK55L._AC_SL1500_.jpg,https://m.media-amazon.com/images/I/711HPmsLy0L._AC_SL1500_.jpg,https://m.media-amazon.com/images/I/81yJYc62uZL._AC_SL1500_.jpg,https://m.media-amazon.com/images/I/91GADRmPcrL._AC_SL1500_.jpg,https://m.media-amazon.com/images/I/81k9Xstz9PL._AC_SL1500_.jpg,https://m.media-amazon.com/images/I/81Y6uVcW8zL._AC_SL1500_.jpg,https://m.media-amazon.com/images/I/811e6gL0aQL._AC_SL1500_.jpg,https://m.media-amazon.com/images/I/91pCXGl5pzL._AC_SL1500_.jpg,https://m.media-amazon.com/images/I/81fUPHPFEHL._AC_SL1500_.jpg,https://m.media-amazon.com/images/I/81SEhdFj-dL._AC_SL1500_.jpg,https://m.media-amazon.com/images/I/61JvAjRHZPL._AC_SL1200_.jpg,https://m.media-amazon.com/images/I/71ld9PKK7xL._AC_SL1200_.jpg,https://m.media-amazon.com/images/I/8153NCQA68L._AC_SL1500_.jpg,https://m.media-amazon.com/images/I/81AqHul3X9L._AC_SL1500_.jpg,https://m.media-amazon.com/images/I/71GbkmR8yOL._AC_SL1500_.jpg,https://m.media-amazon.com/images/I/81lJWWS66wL._AC_SL1500_.jpg","B089TQ82WT","air-fryer-brands"
"Ninja Foodi 10Qt 6-in-1 Air Fryer Oven DualZone XL Grey","Experience the benefits of a like-new product at a fraction of the cost with this professionally inspected and tested pre-owned or refurbished item, available through Amazon Renewed, the trusted destination for certified refurbished products. Each product undergoes a rigorous inspection and testing process by Amazon-qualified suppliers to ensure it functions and appears like new, providing peace of mind with every purchase. Whether a customer returns a new product or trades it in for an upgrade, Amazon Renewed puts it through a thorough evaluation to guarantee its quality, and if for any reason you're not satisfied, you're protected by the Amazon Renewed Guarantee, which offers replacement or refund options, giving you confidence in your purchase."," 2 FOODS, 2 WAYS, AT THE SAME TIME: Eliminating back-to-back cooking like a traditional single-basket air fryer with 2 independent XL air fryer baskets. SMART COOK SYSTEM: Achieve the perfect doneness, from rare to well-done, at the touch of a button with the integrated Foodi Smart Thermometer—no guesswork required.
 DUALZONE TECHNOLOGY: The Smart Finish feature, unlocks cooking 2 foods 2 ways that finish at the same time, or the Match Cook feature, easily copies settings across zones for full 10-qt. capacity 6 VERSATILE COOKING PROGRAMS: Air Fry, Air Broil, Roast, Bake, Reheat, and Dehydrate.
 IQ BOOST: Optimally distributes power across each basket to cook a 6-lb. whole chicken and side as quickly as possible when Match Cook or Smart Finish is not selected. XL 10-QT. CAPACITY AND 2 BASKETS: Cook a main and a side at the same time for quick, large family meals, or cook up to 8 -lbs. of chicken wings with ease.
 2 INDEPENDENT 5-QT. XL ZONES: They have their own cooking baskets, cyclonic fans, and rapid heaters. FASTER COOKING: Cooks two 6-lb. chickens up to 30% faster than a traditional oven. Frozen-to-crispy meals in 30 minutes. Wide temperature range, from: 105°F–450°F. EASY TO CLEAN: Includes nonstick cooking baskets and dishwasher-safe crisper plates.
 WHAT'S INCLUDED: Ninja Foodi Dual Zone Air Fryer, Foodi Smart Thermometer, (2) 5 Quart Baskets, (2) Nonstick Crisper Plates.",178.95,"https://m.media-amazon.com/images/I/71rqZuUUDrL._AC_SL1500_.jpg,https://m.media-amazon.com/images/I/81aNtS45atL._AC_SL1500_.jpg,https://m.media-amazon.com/images/I/81y6U-d2xsL._AC_SL1500_.jpg,https://m.media-amazon.com/images/I/81O3ndREdrL._AC_SL1500_.jpg,https://m.media-amazon.com/images/I/81J7a+gcCcL._AC_SL1500_.jpg,https://m.media-amazon.com/images/I/71noF1zaA5L._AC_SL1500_.jpg,https://m.media-amazon.com/images/I/81iFwfVsciL._AC_SL1500_.jpg,https://m.media-amazon.com/images/I/81IhSiMNcML._AC_SL1500_.jpg,https://m.media-amazon.com/images/I/81WyT5yFGGL._AC_SL1500_.jpg","B0BCH475T7","air-fryer-brands"
"Ninja 12-in-1 Double Oven Air Fryer Toaster Convection Oven Stainless Steel","Experience the ultimate in cooking flexibility with the Ninja Double Oven, a revolutionary countertop oven that combines the power of two ovens in one compact space, perfect for home cooks and busy families seeking to elevate their meal prep and cooking experience. With its innovative FlexDoor design, this dual oven allows for simultaneous cooking of two meals at different temperatures and cooking times, making it ideal for cooking a variety of dishes, from quick snacks and sides to larger roasts and air fried meals. The Top Rapid Oven is perfect for speedy meals, such as sheet pan dinners and snacks, while the Bottom Convection & Air Fry Oven is designed for larger, more complex dishes, including up to 6 lbs of crispy air fried wings. For added convenience, Smart Finish technology enables synchronization of both ovens to cook a full course meal that finishes at the same time, streamlining dinner preparation and reducing cooking time by up to 65% compared to traditional ovens. Additionally, FlavorSeal technology prevents flavor crossover between the two oven cavities, ensuring that each dish retains its unique taste and aroma. With 12 cooking functions at your disposal, including convection baking, air frying, and roasting, this countertop dual oven offers unparalleled versatility and convenience, making it an essential addition to any kitchen."," FLEXDOOR: Creates two separate ovens. Access just the top for quick meals and snacks, or open the full door so you can cook 2 meals, 2 ways on the top and bottom.
 FLAVORSEAL TECHNOLOGY: Two separate ovens prevents smells from crossing between ovens, so your flavors stay separate.
 SMART FINISH TECHNOLOGY: Sync both independent ovens to cook 2 meals, 2 different ways that finish at the same time.
 FASTER MEAL-MAKING: Spend less time cooking and more time with family. Eliminate back-to-back cooking for 65% faster meal-making than your traditional oven.
 12 COOKING FUNCTIONS: Bake, broil, reheat, keep warm, bagel, and toast in the Top Rapid Oven. Air fry, convection bake, pizza, air roast, whole roast, and dehydrate in the Bottom Convection & Air Fry Oven.
 FAMILY SIZED CAPACITY: Ninja’s Double Oven fits 6 lbs of wings and a 12 in pizza at the same time to feed up to 8 people.
 EASY FAMILY DINNERS: Two independent ovens let you cook a meal for the kids and a separate meal for the parents at the same time.
 WHAT'S INCLUDED: Countertop oven, 2 sheet pans, 2 wire racks, air fry basket, removable crumb tray, and chef-created recipe book with 15 recipes and cooking charts.",249.99,"https://m.media-amazon.com/images/I/51tgNgxaMjL._AC_SL1000_.jpg,https://m.media-amazon.com/images/I/81PEiqBTLEL._AC_SL1500_.jpg,https://m.media-amazon.com/images/I/81VyCggY5QL._AC_SL1500_.jpg,https://m.media-amazon.com/images/I/81GQEh9yLfL._AC_SL1500_.jpg,https://m.media-amazon.com/images/I/61gHC4KfwCL._AC_SL1000_.jpg,https://m.media-amazon.com/images/I/61mSXEU0NdL._AC_SL1000_.jpg,https://m.media-amazon.com/images/I/81imjlqsXwL._AC_SL1500_.jpg,https://m.media-amazon.com/images/I/91Qph9XxUaL._AC_SL1500_.jpg,https://m.media-amazon.com/images/I/61WMOOhyhrL._AC_SL1000_.jpg,https://m.media-amazon.com/images/I/71UYJk09NvL._AC_SL1500_.jpg,https://m.media-amazon.com/images/I/71Ey4NwgGbL._AC_SL1500_.jpg","B0BRQS5BH6","air-fryer-brands"
"6-in-1 Air Fryer 8 Quart DualZone 2-Basket Ninja Foodi Grey","Experience the ultimate in cooking versatility with the Ninja Foodi dual zone air fryer, featuring two independent 4-quart baskets that allow you to cook a variety of dishes simultaneously at different temperatures and times, with a range of functions including air frying, roasting, broiling, and dehydrating, making it perfect for health-conscious home cooks and busy families looking for a convenient and efficient way to prepare delicious meals."," Wattage : 1690.0 watts
 Capacity : 8.0 quarts
 Item weight : 18.0 pounds
 Material : Stainless Steel
 Special feature : Programmable",138.95,"https://m.media-amazon.com/images/I/61FSoz50heL._AC_SL1500_.jpg,https://m.media-amazon.com/images/I/21zcrec0sUL._AC_.jpg,https://m.media-amazon.com/images/I/71w-HQwIB-L._AC_SL1500_.jpg,https://m.media-amazon.com/images/I/71ccLVOln2L._AC_SL1500_.jpg,https://m.media-amazon.com/images/I/71gayp7OP9L._AC_SL1500_.jpg","B0CNJHRK3C","air-fryer-brands"
"Ninja 14-in-1 Multicooker Air Fryer Oven Stainless Steel SFP701","Experience the ultimate in cooking convenience with the Ninja Combi, a versatile multicooker, oven, and air fryer that expertly prepares complete meals for your entire family in just 15 minutes, making it an essential kitchen appliance for home cooks and busy families. Featuring 14 intuitive functions and 3 included accessories, this innovative cooker simplifies meal prep and reduces cooking time, allowing you to effortlessly create a variety of dishes, from tasty pasta dinners to flavorful taco spreads, all in one compact appliance. The Ninja Combi's revolutionary technology combines HyperSteam and Air Fry capabilities, ensuring every ingredient is cooked to perfection - juicy on the inside and crispy on the outside - for a truly satisfying culinary experience. With its advanced cooking capabilities and ease of use, the Ninja Combi is the perfect solution for those seeking a hassle-free cooking experience, making it an ideal addition to any kitchen."," 14-in-1 VERSATILITY: Combi Meals, Combi Crisp, Combi Bake, Rice/Pasta, Sear/Sauté, Steam, Bake, Toast, Pizza, Slow Cook, Proof, Sous Vide, Air Fry, Broil.
 COMPLETE MEALS THAT COOK IN 15 MINS: Cook your proteins, veggies, and pasta or grains all at the same time and make a meal 50% faster than in a wall oven.
 ONE STOP SHOP IN YOUR KITCHEN: With its all-in-one functionality and included accessories, the Ninja Combi is the only appliance you will ever need—no more cluttered countertops and endless piles of dishes to clean afterward.
 EASY CLEANUP: The Combi Cooker Pan doubles as a serving dish and all accessories are dishwasher safe to make cleanup a breeze.
 NINJA COMBI COOKER TECHNOLOGY: HyperSteam and Air Fry combine to create juicy insides and deliciously crispy outsides all at once; super-heated steam evenly cooks and locks in juices while rapid cyclonic air crisps food to perfection.
 FROZEN TO TABLE IN UNDER 30 MINUTES: No need to defrost—super-heated steam will quickly thaw frozen ingredients and cook them to a safe temperature in under 30 minutes.
 FAMILY-SIZED CAPACITY: Perfect for large families or entertaining—feeds up to 8 people and fits 1.5 boxes (24 oz) of pasta, 4 cups of dry rice, a 6-lb roast chicken, 2 lbs of fries, a 10-inch pizza, or a 5-lb top round roast.
 WHAT’S INCLUDED: A countertop multicooker, Combi Cooker Pan, bake tray, crisper tray, and recipe book with 20 chef-created recipes and cooking charts.",195.95,"https://m.media-amazon.com/images/I/81Rc-+bdezL._AC_SL1500_.jpg,https://m.media-amazon.com/images/I/91I+kaI5WzL._AC_SL1500_.jpg,https://m.media-amazon.com/images/I/81sP3NnHmzL._AC_SL1500_.jpg,https://m.media-amazon.com/images/I/81mTPhsFjHL._AC_SL1500_.jpg,https://m.media-amazon.com/images/I/91LkRimPabL._AC_SL1500_.jpg,https://m.media-amazon.com/images/I/81jc15i4u1L._AC_SL1500_.jpg,https://m.media-amazon.com/images/I/812xB7ck17L._AC_SL1500_.jpg,https://m.media-amazon.com/images/I/81C1Mw1c8UL._AC_SL1500_.jpg,https://m.media-amazon.com/images/I/91BH+dQZG3L._AC_SL1500_.jpg,https://m.media-amazon.com/images/I/910CqV6fWZL._AC_SL1500_.jpg,https://m.media-amazon.com/images/I/71eTNVczvML._AC_SL1500_.jpg,https://m.media-amazon.com/images/I/81tiO2wWmQL._AC_SL1500_.jpg,https://m.media-amazon.com/images/I/81Lj5iEqJKL._AC_SL1500_.jpg","B0C8WN349L","air-fryer-brands"
"Air Fryer 6.5QT XL 6-in-1 Digital Ninja Air Fryer Oven","Experience the ultimate in crispy cooking with the Ninja Air Fryer Pro XL, which utilizes MaxCrisp Technology to deliver superheated air for hotter, crisper results with temperatures reaching up to 450F. This air fryer allows for a generous 6.5 QT capacity, perfect for cooking up to 9 lbs of wings and other favorite foods with minimal oil, making for a guilt-free snacking experience. Featuring six versatile cooking functions, including Max Crisp, Air Fry, Roast, Bake, Reheat, and Dehydrate, you can effortlessly prepare a wide range of dishes, from crispy snacks to satisfying meals. The nonstick and dishwasher-safe crisper plate and basket ensure a hassle-free cleanup process, making this air fryer a practical and indispensable addition to any kitchen."," MAX CRISP TECHNOLOGY: 450℉ superheated air surrounds food for hotter, crispy results with little to no oil.
 GUILT-FREE FRIED FOODS: Up to 75% less fat than traditional air frying methods. Tested against hand-cut, deep-fried French fries.
 XL CAPACITY: The 6.5-QT nonstick basket and crisper plate fit up to 5 lbs of French fries or 9 lbs of chicken wings.
 FROFROZEN TO CRISPY: Cook frozen foods hotter and in just minutes for an extra-crispy finish.
 6-in-1 FUNCTIONALITY: Max Crisp, Air Fry, Air Roast, Bake, Reheat, and Dehydrate.
 SPACE SAVER: Ninja’s latest air fryer design allows you to save even more space on your countertop without compromising capacity.
 EASY TO CLEAN: The basket and crisper plate are both nonstick and dishwasher safe for easy cleaning.
 WHAT’S INCLUDED: Air Fryer, 6.5-QT nonstick basket and crisper plate.",99.95,"https://m.media-amazon.com/images/I/719F0KSYZqL._AC_SL1500_.jpg,https://m.media-amazon.com/images/I/71+0AaFMSaL._AC_SL1500_.jpg,https://m.media-amazon.com/images/I/81KchiDj7KL._AC_SL1500_.jpg,https://m.media-amazon.com/images/I/91c2i1RyPhL._AC_SL1500_.jpg,https://m.media-amazon.com/images/I/81WjyMcnTGL._AC_SL1500_.jpg,https://m.media-amazon.com/images/I/81tvJ5jWipL._AC_SL1500_.jpg,https://m.media-amazon.com/images/I/71ysuyhbVRL._AC_SL1500_.jpg,https://m.media-amazon.com/images/I/91nlUQZFTML._AC_SL1500_.jpg,https://m.media-amazon.com/images/I/81FiIJS47IL._AC_SL1500_.jpg","B0DLDJ26QC","air-fryer-brands"
"Name","Description","Short description","Regular price","Images","Meta:asin","Category"
"Large Air Fryer Oven Combo 10-in-1 Stainless Steel Countertop","Experience the ultimate in kitchen versatility with the Midea Flexify French Door Air Fryer Oven, a 'Best of KBIS' winner in 2024, offering a perfect blend of style and functionality to elevate your culinary game. With its powerful Air Cyclone technology, this air fryer oven quickly heats up, eliminating the need for preheating when using the air fry function, allowing you to achieve crispy, healthy results with minimal effort. Whether you're cooking breakfast for the family or preparing for a large gathering, this oven's professional air-frying capabilities and versatile cooking modes make it the perfect solution for all your culinary needs. The oven's advanced features, including the ability to pause and change programs mid-cycle, provide unparalleled control and flexibility. To get the most out of your oven, use the included accessories, such as the crumb tray, air fry basket, baking rack, and baking tray, to achieve optimal cooking results. For effortless cleaning, simply power off and cool down the oven, remove the crumb tray, and wipe down the interior and exterior with a soft cloth and warm water. With its sleek design, advanced features, and easy cleaning, the Midea Flexify French Door Air Fryer Oven is the perfect addition to any kitchen, providing a convenient and healthy way to cook a wide range of dishes, from air-fried favorites to perfectly baked goods, all while ensuring a safe cooking experience with its temperature warning feature."," Cyclone Air Fryer: Enjoy 25% faster cooking and 90% less oil compared to traditional fryers, . This all-in-one combo features VDE-certified heat evenness with one convection fan and six heat tubes, allowing it to heat up quickly and eliminate the need for preheating when using the air fry function.
 Versatile 10 Functions: Air Fry, Roast, Bake, Broil, Toast, Pizza, Reheat, Slow Cook, Dehydrate, and Warm. Prepare your family meal in a more flexible way.
 Large Capacity: 26.4 QT French door air fryer toaster oven combo, perfectly fits one 12-inch pizza, up to 6 slices of toast, or 14 juicy chicken wings, making it an ideal addition to your kitchen.
 Precise Temperature and Time Control: 5-degree Fahrenheit increments for temperature adjustment and one-minute increments for time, with a wide range from 100° to 450°F.
 Elegant design: Stylish anti-scald double French doors and large LED digital display adds aesthetic to your cooking space. Includes a crumb tray, air fry basket, baking rack, and baking tray for your cooking and baking needs.",149.45,"https://m.media-amazon.com/images/I/71qgUE3MNVL._AC_SL1500_.jpg,https://m.media-amazon.com/images/I/8197WlYpMFL._AC_SL1500_.jpg,https://m.media-amazon.com/images/I/81PgKiYm6aL._AC_SL1500_.jpg,https://m.media-amazon.com/images/I/71TkmiFBydL._AC_SL1500_.jpg,https://m.media-amazon.com/images/I/81cpmneUQaL._AC_SL1500_.jpg,https://m.media-amazon.com/images/I/81Ko7DtbUNL._AC_SL1500_.jpg,https://m.media-amazon.com/images/I/81RYLsR6IQL._AC_SL1500_.jpg,https://m.media-amazon.com/images/I/81yqUVwJFdL._AC_SL1500_.jpg,https://m.media-amazon.com/images/I/81us+Mm6iZL._AC_SL1500_.jpg,https://m.media-amazon.com/images/I/81Edpnub2AL._AC_SL1500_.jpg,https://m.media-amazon.com/images/I/717IPcNbbvL._AC_SL1500_.jpg","B0D1BGLW25","air-fryer-brands"
"Midea 5.5QT Air Fryer with Rapid Air Tech & 9 Presets","Experience the thrill of cooking with the Midea Air Fryer 5.5QT, featuring X-Cyclone Rapid Air Technology that whips up crispy and delicious meals with minimal effort, utilizing 90% less oil than traditional deep-frying methods. With 9 preset menus, you can effortlessly prepare a wide range of dishes, from succulent chicken to golden-brown fries, and even explore varied recipes to satisfy your cravings. The convenient 1 Minute Button and customizable Favorite Function allow for quick and easy meal preparation, saving you time and energy in the kitchen. Designed with ease in mind, this air fryer is also remarkably easy to clean, making it a must-have for health-conscious home cooks and busy families seeking to enjoy quick, easy, and guilt-free meals."," 9 Presets for Versatile Uses - Where Precision Meets Simplicity. Multiple preset menus and touch control for easy and effortless cooking. Air fryer, Grill, Bake, Roast, Broil, Bagel, Dehydrate, Keep Warm and Reheat.
 X-Cyclone Rapid Air Technology - Thanks to the patented structure, the airflow convection is optimized that creates rapid hot air to cook the food faster and much more evenly to deliver the fried perfection you’re craving.
 +1 Minute Button & Favorite Function - The flexible heating function allows you to increase cooking time +1 minute at any time. Also, when you've perfected a recipe, press the FAV save-hold 3 sec, to easily use the same favorite cooking setting everytime!
 All-around Metallic Interior Keeps It Safe And Durable - The InnerChef series has an all-around metallic interior that ensures safety and durability. Its construction minimizes the risk of melting or emitting any undesirable plastic odors.
 Oil Free - Midea air fryers cut down oil usage by 90%, promoting healthier eating habits while still delivering crispy entrees and sides with minimal or no oil. Cooking with our air fryer is a fun and easy way to provide your family with healthy and delicious meals.
 Dishwasher Safe - The non-stick cooking basket and detachable components make cleaning a breeze. Spend less time scrubbing and more time enjoying your delicious meals.
 Specifications: This Air Fryer has 1 to 60mins timer range with a power rating of 120V / 1500W, and a temperature range of 104°F–400°F.
 Warranty From Midea - We provide 1-year manufacturer warranty together with your purchase. If you have any questions, please refer to the customer service information in the user manual.",57.85,"https://m.media-amazon.com/images/I/61Qpfh9ZgmL._AC_SL1500_.jpg,https://m.media-amazon.com/images/I/81ZQIhf0FLL._AC_SL1500_.jpg,https://m.media-amazon.com/images/I/71ikw+Q-loL._AC_SL1500_.jpg,https://m.media-amazon.com/images/I/6181lDKtaYL._AC_SL1500_.jpg,https://m.media-amazon.com/images/I/710DBIITnHL._AC_SL1500_.jpg,https://m.media-amazon.com/images/I/71vd0LCSQ0L._AC_SL1500_.jpg,https://m.media-amazon.com/images/I/71nBBvpAi2L._AC_SL1500_.jpg","B0D3TBJ6HK","air-fryer-brands"
"Stainless Steel Air Fryer Toaster Oven Combo 24 Functions 26QT","Experience the ultimate in culinary versatility with the Emeril Lagasse French Door Air Fryer, a revolutionary kitchen appliance that combines air frying and multi-cooking capabilities to create mouth-watering dishes with ease. Featuring 24 preset cooking options, including ribs, baking, toasting, slow cooking, and more, this air fryer offers endless possibilities for quick snacks, family meals, and lavish feasts. The dual-speed fan technology ensures perfect homemade cooking results with 360º superheated air circulation, delivering crispy golden finishes without excess oil. The elegant stainless steel exterior and French doors enhance kitchen decor while providing easy access and monitoring with the interior light, making it easy to track your cooking progress. With a spacious 26-quart capacity, this air fryer serves 4-6 people with ease, perfect for cooking rotisserie chicken, 12” pizzas, and other large meals. Intuitive controls make meal preparation effortless, whether you're a seasoned chef or a novice cook, and with Emeril Lagasse's endorsement, you can trust in exceptional culinary results every time, making it an ideal addition to any home kitchen."," A VERSATILE AIR FRYER AND MULTI-COOKER COMBO: Elevates practically any meal, from air frying quick after-school snacks to roasting for large gatherings.
 PERFECTLY DONE TOAST: Oven turns off automatically when the toast countown timer ends - no burnt toast! Indicator light is red while toasting, blue when timer ends and oven turns off. Place rack at indicated toast position for ideal results.
 25 COOKING PRE-SETS: Provide a variety of cooking methods: Ribs, Defrost, Bake, Toast, Chicken, Pizza, Pastry, Slow Cook, Roast, Reheat, and Keep Warm.
 DUAL-SPEED FAN: Golden fried crisping at it's finest with 360º superheated air circulation for your homemade cooking.
 26-QUART CAPACITY: This Extra-large 26-quart capacity countertop toaster is suitable for preparing food for 4–6 people with capacity to rotisserie a 6-lb chicken, bake a 12” pizza.
 STAINLESS STEEL EXTERIOR: A stainless steel exterior provides a beautiful asthetic to any kitchen, taking your party hosting to the next level. And Elegant French doors open with a single pull – interior light allows you to monitor food.",209.99,"https://m.media-amazon.com/images/I/818Y2wKBYSL._AC_SL1500_.jpg,https://m.media-amazon.com/images/I/71S-r4acJjL._AC_SL1500_.jpg,https://m.media-amazon.com/images/I/71lxawy5zLL._AC_SL1500_.jpg,https://m.media-amazon.com/images/I/811xEy260dL._AC_SL1500_.jpg,https://m.media-amazon.com/images/I/71W-0-3UoQL._AC_SL1500_.jpg,https://m.media-amazon.com/images/I/715jW8Epr5L._AC_SL1500_.jpg,https://m.media-amazon.com/images/I/71B3BIxxz9L._AC_SL1500_.jpg,https://m.media-amazon.com/images/I/71zqNGt4kwL._AC_SL1500_.jpg","B09B7SB46R","air-fryer-brands"
"Compact Air Fryer 6-Qt Large Capacity 9-in-1 Digital Oven","Experience the ultimate in healthy cooking with the COSORI TurboBlaze 6.0-Quart Air Fryer, perfect for families, fitness enthusiasts, and health-conscious individuals. This revolutionary kitchen appliance utilizes TurboBlaze Technology, a 5-speed airflow system that ensures evenly cooked, crispy, and tender results in just minutes, making it ideal for preparing a variety of delicious and nutritious meals. The air fryer's cutting-edge design features a soft start motor, reducing operating noise, and its customizable preheat program allows for flexibility and optimal results. With a spacious 6-quart capacity and temperature range of 90°-450°F, this air fryer is perfect for cooking a wide range of dishes, from snacks to full meals, and its automatic resume cooking feature ensures that your meal is cooked to perfection, even if you need to pause cooking. The air fryer also comes with a range of convenient features, including a 24-hour timer, easy cleanup, and a recipe book and user manual to get you started on your culinary journey. Made with a durable design and easy-to-use interface, this air fryer is a must-have for anyone looking to upgrade their kitchen and cook healthier, more flavorful meals with ease, and with its compact size and lightweight design, it's perfect for kitchens of all sizes."," 𝙏𝙖𝙨𝙩𝙚 𝙐𝙥𝙜𝙧𝙖𝙙𝙚: Innovative TurboBlaze Technology delivers a powerful 3600 rpm fan speed and temperatures up to 450℉, achieving beyond-crispy, juicy perfection in every main dish
 𝙏𝙚𝙭𝙩𝙪𝙧𝙚 𝙐𝙥𝙜𝙧𝙖𝙙𝙚: Advanced airflow and precise temperature control deliver evenly cooked side dishes with perfectly balanced texture in every bite
 𝙋𝙧𝙤 𝙐𝙥𝙜𝙧𝙖𝙙𝙚: Cosori's unique 5-fan speed system and precise 90°–450°F temperature control deliver professional-grade versatility, creating exceptional dishes across all functions with just one basket
 𝙏𝙞𝙢𝙚 𝙐𝙥𝙜𝙧𝙖𝙙𝙚: Innovative TurboBlaze Technology helps speed up cooking to save time and deliver perfectly crispy family meals, even on busy weekdays
 𝘾𝙖𝙥𝙖𝙘𝙞𝙩𝙮 𝙐𝙥𝙜𝙧𝙖𝙙𝙚: The 6-quart square basket offers a wider, deeper design for family meals in one go while saving kitchen counter and storage space
 𝙀𝙭𝙥𝙚𝙧𝙞𝙚𝙣𝙘𝙚 𝙐𝙥𝙜𝙧𝙖𝙙𝙚: Enjoy a quieter and more comfortable kitchen environment as it operates at less than 53 dB even on high fan speed, delivering whisper-quiet performance
 𝟗𝟓% 𝙇𝙚𝙨𝙨 𝙊𝙞𝙡: Enjoy the same crispy textures as traditional deep frying with up to 95% less oil*. Enjoy all your favorite fried foods without the guilt
𝘿𝙞𝙨𝙝𝙬𝙖𝙨𝙝𝙚𝙧-𝙎𝙖𝙛𝙚: The nonstick cooking basket and detachable accessories make cleaning a breeze. Spend less time scrubbing and more time enjoying your delicious meals
𝘾𝙪𝙨𝙩𝙤𝙢𝙞𝙯𝙖𝙗𝙡𝙚 𝙋𝙧𝙚𝙝𝙚𝙖𝙩 𝙁𝙪𝙣𝙘𝙩𝙞𝙤𝙣: Enjoy flexibility with the Preheat function, which adjusts time based on temperature. Easily choose whether to preheat for optimal results, or skip it as the default setting for a hassle-free experience
𝘿𝙤𝙣'𝙩 𝙈𝙞𝙨𝙨 𝙊𝙪𝙩 𝙀𝙣𝙫𝙚𝙡𝙤𝙥𝙚: Included user manual, chef-created 30-recipe cookbook with pictures, cooking charts. Please be sure to check before discarding the box so you don't miss out on these helpful resources!",89.99,"https://m.media-amazon.com/images/I/81YlVdZBmaL._AC_SL1500_.jpg,https://m.media-amazon.com/images/I/71pNNkwhwbL._AC_SL1500_.jpg,https://m.media-amazon.com/images/I/81v6-R1AvoL._AC_SL1500_.jpg,https://m.media-amazon.com/images/I/71H8lbTFBdL._AC_SL1500_.jpg,https://m.media-amazon.com/images/I/813+Jytet5L._AC_SL1500_.jpg,https://m.media-amazon.com/images/I/71jA+ZDRU2L._AC_SL1500_.jpg,https://m.media-amazon.com/images/I/81wvtjwJnxL._AC_SL1500_.jpg,https://m.media-amazon.com/images/I/71VjUtMq2dL._AC_SL1500_.jpg","B0C33CHG99","air-fryer-brands"
"Stainless Steel 8-in-1 Air Fryer Toaster Oven 1800W Large Capacity","Experience the ultimate in kitchen versatility with the Ninja Flip Toaster Oven & Air Fryer, a revolutionary convection oven, air fryer, and toaster that delivers crispy results with its innovative flip-up design, allowing for extra-large capacity without cluttering your countertop, saving up to 50% more space. Equipped with advanced OvenCrisp Technology, this countertop appliance combines infrared heat with rapid, circulating hot air for quick and even cooking, ensuring edge-to-edge perfection every time. With 8 versatile functions, including air fry, roast, broil, bake, pizza, toast, bagel, and dehydrate, you can satisfy any craving, from crispy air-fried snacks to perfectly toasted bagels, all in one compact and space-saving device."," RECLAIM YOUR COUNTER SPACE: Takes up 50% less space when you flip it up and away to store against your backsplash.
 OVENCRISP TECHNOLOGY: Infrared heating and rapid circulating air combine for edge-to-edge even cooking.
 8-in-1 FUNCTIONALITY: Air fry, Roast, Broil, Bake, Pizza, Toast, Bagel, Dehydrate.
 LARGE CAPACITY, SMALL FOOTPRINT: Air fry & roast up to 4 lbs of ingredients, bake a 12” pizza, toast up to 6 slices of bread, fits 6 chicken breasts.
 QUICK FAMILY MEALS: Family-sized meals that feed up to 4 people in as little as 20 minutes.
 ENERGY EFFICIENT: 80% more energy efficient than a traditional full-size oven.
 AIR FRY YOUR FAVORITES: Up to 75% less fat than traditional frying methods. Tested against hand-cut, deep-fried French fries.
WIDE TEMPERATURE RANGE: 6 infrared heating elements enable a temperature range of 85-450F.
FASTER COOKING: Rapid hot air circulates all around your food at different speeds for 50% faster cooking and crisping vs a traditional oven.
WHAT'S INCLUDED: Ninja Flip Toaster Oven & Air Fryer, air fry basket, sheet pan, wire rack, removable crumb tray, quick start guide.",224.99,"https://m.media-amazon.com/images/I/812ozjyqAWL._AC_SL1500_.jpg,https://m.media-amazon.com/images/I/81o6KL3Nn8L._AC_SL1500_.jpg,https://m.media-amazon.com/images/I/81DXReXp64L._AC_SL1500_.jpg,https://m.media-amazon.com/images/I/81XN0qsRd1L._AC_SL1500_.jpg,https://m.media-amazon.com/images/I/91YEDjZLi9L._AC_SL1500_.jpg,https://m.media-amazon.com/images/I/81jH7RmMlkL._AC_SL1500_.jpg,https://m.media-amazon.com/images/I/91ACCSSTy2L._AC_SL1500_.jpg,https://m.media-amazon.com/images/I/81ELM0lO3aL._AC_SL1500_.jpg,https://m.media-amazon.com/images/I/81D6F4ywocL._AC_SL1500_.jpg,https://m.media-amazon.com/images/I/71mDjULCyDL._AC_SL1500_.jpg,https://m.media-amazon.com/images/I/81ORBcbKpxL._AC_SL1500_.jpg","B0D1CXL52G","air-fryer-brands"
"Air Fryer Toaster Oven Combo 12-in-1 Convection Oven Stainless Steel","Experience the ultimate in culinary convenience with the BLACK+DECKER Crisp N Bake Air Fryer Oven, featuring a sleek design with premium French doors and stainless-steel accents that bring a touch of sophistication to any kitchen. With its compact footprint, this versatile oven fits seamlessly into small spaces, allowing for effortless cooking of full family meals without clutter or chaos. Twelve intuitive cooking functions, including Convection Baking, Pizza, Air Fry, and Roast, take the guesswork out of meal prep, empowering you to create gourmet-quality dishes with ease. Cook a generous 12-inch family-size pizza or up to 6 slices of toast with precision and speed, leveraging the power of convection technology to circulate hot air and deliver that perfect crunch and deep-fried taste without excess fat. The oven's intuitive selection dial with cooking indicator streamlines the cooking process, while a 60-minute timer provides precise control over your culinary creations. Monitor your food with ease through the easy-view glass door, which preserves heat and ensures every dish turns out perfectly. For added convenience, this Air Fryer Oven comes with a range of dishwasher-safe accessories, including an Air Fry Basket, Bake Pan, Crumb Tray, and Rack, making cleanup a breeze. By harnessing the efficiency of convection technology, which cuts cooking time by over 2.5 times, you can enjoy your favorite meals faster than ever. Upgrade your kitchen with the BLACK+DECKER Crisp N Bake Air Fryer Oven, where sleek design meets exceptional cooking performance, and every meal becomes a masterpiece of flavor and convenience."," ELEVATE YOUR KITCHEN EXPERIENCE: Enjoy premium French doors with stainless-steel accents, providing easy and convenient access in a single pull. Enhance your cooking space with style and functionality.
 VERSATILE COOKING MASTERY: Effortlessly prepare 12"" pizzas or 6 slices of toast and explore a world of culinary possibilities with 12 cooking functions: Convection Baking, Bake, Pizza, Broil, Air Fry, Fries, Reheat, Toast, Bagel, Keep Warm, Roast, and Snacks. Your kitchen, your way.
 CRISP WITHOUT COMPROMISE: Delight in the extra crunch and deep-fried taste without the guilt. Our Air Fryer Oven utilizes convection technology, circulating hot air for perfectly crispy results, making every dish a flavorful masterpiece.
 INTUITIVE COOKING CONTROL: The selection dial with cooking indicator lights up to guide you seamlessly through the cooking process. Watch it turn red when active and blue when paused or on standby, ensuring precision every time.
 EFFICIENCY REDEFINED: Cut your cooking time by over 2.5x with the convection fan above the upper heating element. Embrace full family meals without sacrificing counterspace, and enjoy easy monitoring through the clear glass door.",149.99,"https://m.media-amazon.com/images/I/61sDG2pu1HL._AC_SL1417_.jpg,https://m.media-amazon.com/images/I/715PKPsTCPL._AC_SL1500_.jpg,https://m.media-amazon.com/images/I/8144jbN-EgL._AC_SL1500_.jpg,https://m.media-amazon.com/images/I/81MmrLrkeGL._AC_SL1500_.jpg,https://m.media-amazon.com/images/I/812TnWzXm0L._AC_SL1500_.jpg,https://m.media-amazon.com/images/I/81oOZ3GN1bL._AC_SL1500_.jpg,https://m.media-amazon.com/images/I/81T8V8gzjwL._AC_SL1500_.jpg,https://m.media-amazon.com/images/I/81ifpvNTgAL._AC_SL1500_.jpg,https://m.media-amazon.com/images/I/51FPFH5zEuL._AC_.jpg","B0CXF9LRQK","air-fryer-brands"
"Air Fryer Steamer Combo 6.5Qt Programmable Digital","Experience the ultimate culinary revolution with the 6.5qt Steam Air Fryer, where air frying and steaming unite to create mouth-watering dishes that are crispy on the outside and tender on the inside, perfect for health-conscious foodies and cooking enthusiasts alike, allowing for effortless preparation of nutritious and delicious meals with minimal oil, making it an essential kitchen appliance for those seeking to elevate their cooking skills and discover new flavors."," AIR FRYER AND STEAM COMBINATION: Get ready for a flavor explosion! This combo ensures your food is juicy and tender on the inside, with a golden, crispy outside. The air fryer blasts hot air for that crunch, while the steamer keeps it moist and flavorful. Cook like a culinary superstar!
 MOISTURE LOCK TECHNOLOGY: Say good bye to dry, tasteless food! Steam cooking keeps your meals perfectly moist and delicious. It’s like a culinary adventure in every dish!
 LARGE WATER RESERVOIR: Cook more, refill less! This roomy reservoir lets you steam several meals without interruption. It’s like having a flavor factory in your kitchen!
 10 Convenient Food Presets: From steak and chicken to veggies and more, preparing your favorite dishes has never been easier!Just set it and forget it, and let the magic happen. It’s cooking made simple and delicious!",91.94,"https://m.media-amazon.com/images/I/71NMhDyKTnL._AC_SL1500_.jpg,https://m.media-amazon.com/images/I/81M6ClN48ML._AC_SL1500_.jpg,https://m.media-amazon.com/images/I/81Goui6dx3L._AC_SL1500_.jpg,https://m.media-amazon.com/images/I/81EUWEoWopL._AC_SL1500_.jpg,https://m.media-amazon.com/images/I/81yyNEBu6DL._AC_SL1500_.jpg,https://m.media-amazon.com/images/I/81UKwxKJ3eL._AC_SL1500_.jpg,https://m.media-amazon.com/images/I/813VzL2R4PL._AC_SL1500_.jpg","B0DP3GXLQ2","air-fryer-brands"
"Dual Air Fryer with Digital Touch Control and Double Basket","Experience the ultimate in family mealtime convenience with the Chefman TurboFry Touch Dual Air Fryer, designed to cook double the dishes with double the flavor, perfect for large crowds and families. The two spacious 4.5-quart nonstick baskets provide ample space for cooking a variety of main dishes and sides to crispy perfection, with the added convenience of synced baskets and a handy finish-time feature. Effortless one-touch digital control and eight built-in cooking functions make it easy to achieve the perfect fried finish, whether you're in the mood for crispy chicken, a medium-rare ribeye, or golden fries. With an adjustable temperature range of 200°F to 400°F and customizable cooking time, you can tailor your air frying to suit your tastes. The LED reminder ensures even cooking by prompting you to shake your food at the right time, while auto-shutoff prevents overheating and keeps you and your family protected. Cleaning is a breeze with the matte black exterior and dishwasher-safe accessories. Backed by a 1-year assurance and cETL-approved with advanced safety technology, this 120V/1700W air fryer provides long-lasting durability and worry-free cooking, making it the perfect addition to your kitchen."," TWO AIR FRY BASKETS The Dual Air Fryer can cook two different foods in two ways in two separate baskets. Cook a main in one and a side in the other or crisp up a couple snacks for game day fun
 EXTRA-LARGE CAPACITY: 9-quart total cooking capacity makes it easy to cook for the whole family.
 PERFECT-TIMING SYNC FINISH: Want two foods to finish cooking at the same time? Just select Sync Finish and the air fryer will do the math so the two baskets finish together.
 HEALTHY EATING MADE EASY: Because air frying requires little to no oil, foods crisp up beautifully without all the fat. Great for reheating leftovers, too.
 AUTO REMINDERS: For the best results, most foods benefit from a shake about halfway through cooking. That’s why this air fryer features a visual and audio SHAKE reminder.
 CARE-FREE CLEANUP: A nonstick interior and bonus basket liners prevent foods from sticking, which makes cleanup a breeze. Plus, the baskets and racks are top-rack dishwasher-safe.
 SAFETY FEATURES: cETL approved with advanced safety technology for long lasting durability. Stay-cool handles, auto-shutoff, and overheat protection
 1-YEAR WARRANTY: A one-year warranty provided by Chefman means you can purchase worry-free. 1500 watts/120 volts – RJ38-SQPF-45TDB.",109.98,"https://m.media-amazon.com/images/I/81yS060uvLL._AC_SL1500_.jpg,https://m.media-amazon.com/images/I/71vPvw6DF6L._AC_SL1500_.jpg,https://m.media-amazon.com/images/I/716XJOKNf8L._AC_SL1500_.jpg,https://m.media-amazon.com/images/I/71j5g3JrKlL._AC_SL1500_.jpg,https://m.media-amazon.com/images/I/71j8u0fKAjL._AC_SL1500_.jpg,https://m.media-amazon.com/images/I/81OSu1beipL._AC_SL1500_.jpg,https://m.media-amazon.com/images/I/818KI8Wga6L._AC_SL1500_.jpg,https://m.media-amazon.com/images/I/71RGfWR7lEL._AC_SL1500_.jpg","B09BZVQNTC","air-fryer-brands"
"Air Fryer 5QT Digital Nonstick 4-in-1 Dehydrator Oven","Experience the ultimate in crispy cooking with the Ninja Air Fryer Pro, featuring Air Crisp Technology that surrounds your food with superheated air for hot, crispy results, all with the convenience of cooking at temperatures of up to 400F. With its spacious 5 QT capacity, you can cook up to 4 lbs of fries using minimal oil, allowing you to indulge in your favorite foods without the guilt. This versatile air fryer offers four convenient cooking functions - Air Fry, Roast, Reheat, and Dehydrate - giving you endless options to satisfy any craving, whether it's a crispy snack or a full meal. Plus, cleanup is effortless thanks to the nonstick basket and crisper plate, making it easy to maintain a healthy and hassle-free cooking routine."," AIR CRISP TECHNOLOGY: 400℉ superheated air surrounds food for hot, crispy results with little to no oil.
 LARGE CAPACITY: The 5-QT nonstick basket and crisper plate fit up to 4 lbs of French fries or 5 lbs of chicken wings.
 4-in-1 FUNCTIONALITY: Air Fry, Roast, Reheat, and Dehydrate.
 GUILT-FREE FRIED FOODS: Up to 75% less fat than traditional air frying methods. Tested against hand-cut, deep-fried French fries.
 FROZEN TO CRISPY: Cook frozen foods in just minutes for an extra-crispy finish.
 SPACE SAVER: Ninja’s latest air fryer design allows you to save even more space on your countertop without compromising capacity.
 EASY TO CLEAN: The basket and crisper plate are both nonstick for easy cleaning.
 WHAT’S INCLUDED: Air Fryer, 5-QT nonstick basket and crisper plate, chef-inspired 20 recipe book and cooking charts.",89.99,"https://m.media-amazon.com/images/I/71QwoGmcfUL._AC_SL1500_.jpg,https://m.media-amazon.com/images/I/71Q6tn4z2KL._AC_SL1500_.jpg,https://m.media-amazon.com/images/I/81QajOlVmvL._AC_SL1500_.jpg,https://m.media-amazon.com/images/I/81zS44I2GWL._AC_SL1500_.jpg,https://m.media-amazon.com/images/I/81lQgk2DUFL._AC_SL1500_.jpg,https://m.media-amazon.com/images/I/71xd475WpRL._AC_SL1500_.jpg,https://m.media-amazon.com/images/I/71VGBzgBLsL._AC_SL1500_.jpg,https://m.media-amazon.com/images/I/91Zpg+gEw8L._AC_SL1500_.jpg,https://m.media-amazon.com/images/I/71y4HMkXOmL._AC_SL1500_.jpg,https://m.media-amazon.com/images/I/61tPb9qyXAL._AC_SL1500_.jpg","B0CSZ7WBYW","air-fryer-brands"
"Ninja Foodi 8Qt 6-in-1 Air Fryer Oven DualZone Dehydrator Grill","Experience the ultimate in air frying versatility with the Ninja Foodi 6-in-1 8-qt. 2-Basket Air Fryer, featuring revolutionary Dual Zone Technology that enables simultaneous cooking of two different foods in its two independent baskets, allowing for a significant reduction in cooking time compared to traditional single-basket air fryers. With its innovative Smart Finish feature, this cutting-edge air fryer intelligently manages the cooking process to ensure that both foods are perfectly cooked and ready to serve at the same time, making meal preparation faster and more convenient than ever."," 2 INDEPENDENT BASKETS: The original Air Fryer with 2 independent baskets, the XL air fryer lets you cook 2 foods, 2 ways, at the same time, eliminating back-to-back cooking like a traditional single-basket air fryer.
 SMART FINISH & MATCH COOK: DualZone Technology allows you to choose between the Smart Finish feature, which unlocks cooking 2 foods 2 ways that finish at the same time, and the and a Match Cook button to easily copy settings across zones for full 8-qt capacity.
 6-IN-1 FUNCTIONALITY: Includes 6 versatile cooking programs: Air Fry, Air Broil, Roast, Bake, Reheat, and Dehydrate. The baskets can be washed in the dishwasher or by hand.
 XL CAPACITY: The 8-quart air fryer capacity lets you fit mains and sides at the same time for making quick family meals, or up to 4 lbs. of French fries or chicken wings.
 SEPARATE HEATING ZONES: 2 independent 4-quart zones have their own cooking baskets, cyclonic fans, and rapid heaters.
 EASY CLEANING: Easy-to-clean baskets and dishwasher-safe crisper plates.
 LESS FAT: Up to 75% less fat than traditional air frying methods. Tested against hand-cut, deep-fried French fries.
WIDE TEMPERATURE RANGE: 105°F to 450°F allows you to gently remove moisture from foods or quickly cook and crisp foods with convection heat.
WHAT'S INCLUDED: DualZone Air Fryer, (2) 4 Quart Baskets, (2) Nonstick Crisper Plates, 15 Recipes, Additional Meal Options & Cooking Charts.
Cord Length: 32""",199,"https://m.media-amazon.com/images/I/511+uXaPLlL._AC_SL1001_.jpg,https://m.media-amazon.com/images/I/6140b+ma8sL._AC_SL1001_.jpg,https://m.media-amazon.com/images/I/61-LCGtzQUL._AC_SL1001_.jpg,https://m.media-amazon.com/images/I/61ZzH5HigSL._AC_SL1001_.jpg,https://m.media-amazon.com/images/I/61kiwUy22eL._AC_SL1001_.jpg,https://m.media-amazon.com/images/I/81HK-BHAMKL._AC_SL1500_.jpg,https://m.media-amazon.com/images/I/61rRi6+py1L._AC_SL1001_.jpg,https://m.media-amazon.com/images/I/71FLSYHvW9L._AC_SL1500_.jpg,https://m.media-amazon.com/images/I/71dcM8g6IAL._AC_SL1500_.jpg,https://m.media-amazon.com/images/I/51K9+mzlqdL._AC_SL1001_.jpg,https://m.media-amazon.com/images/I/61UVY5v4StL._AC_SL1001_.jpg,https://m.media-amazon.com/images/I/51ibz0gcE1L._AC_SL1001_.jpg,https://m.media-amazon.com/images/I/51WakqT081L._AC_SL1001_.jpg,https://m.media-amazon.com/images/I/91NjZc9MtcL._AC_SL1500_.jpg","B089TQWJKK","air-fryer-brands"
"Stainless Steel Air Fryer Oven 8.5Qt Capacity Convection Bake","Experience the ultimate in cooking versatility with the Elite Gourmet 8.5 Quart Air Fryer Oven, featuring a sleek stainless-steel finish and advanced adjustable timer and temperature controls. With 5 versatile functions, you can effortlessly air fry, broil, bake, roast, toast, and warm your favorite meals and snacks, all while enjoying healthier, oil-free cooking options. The air fryer oven's dynamic-hot air circulation technology ensures crispy exteriors and juicy, tender interiors, making it perfect for cooking a wide range of dishes, from moist and tasty treats to crunchy, healthy fried foods. Unlike traditional deep fryers, this innovative appliance uses little to no oil, reducing calories and fat intake, and is also more energy-efficient than conventional ovens, saving you time and money on your electric bill. The included accessories, such as the bake pan, air fry basket, and removable crumb tray, make cooking and cleaning a breeze, while the comprehensive instruction manual, complete with 25 delicious and healthy recipes, provides inspiration for limitless culinary creations, allowing you to cook with ease and confidence, and enjoy your favorite foods, guilt-free."," COMPACT 8.5L CAPACITY: Designed for singles or small families, this air fryer oven offers a generous cooking space, ideal for faster, healthier, and splatter-free meal preparation.
 STYLISH STAINLESS STEEL DESIGN: A sleek stainless-steel finish with a glass door and an easy-grip handle combines elegance with practicality, while its compact size saves space and allows for convenient storage.
 VERATILE 5-in-1 FUNTIONALITY: Choose from Air Fry, Broil, Toast, Bake, or Broil with Convection for ultimate cooking flexibility. Adjustable temperature settings (200°–450°F) with high power convection fan and a 60-minute timer ensure precise cooking, with an auto shut-off feature for added safety.
 2 RACK SETTINGS: For versatility to easily prepare meats, fish, vegetables, pizza, and more. Enjoy air frying, roasting, broiling, and toasting your favorite dishes effortlessly.
 HEALTHY COOKING MADE EASY: Achieve crispy, delicious results with little to no oil, cutting out unnecessary calories without sacrificing flavor. Prepare your food & then simply set your function, temperature, and timer, and let the air fryer do the rest.",69.99,"https://m.media-amazon.com/images/I/81kP6w-UYRL._AC_SL1500_.jpg,https://m.media-amazon.com/images/I/71loZ7wVU1L._AC_SL1500_.jpg,https://m.media-amazon.com/images/I/81+tfrvVpyL._AC_SL1500_.jpg,https://m.media-amazon.com/images/I/81h62-jFKyL._AC_SL1500_.jpg,https://m.media-amazon.com/images/I/81TJH4JSdPL._AC_SL1500_.jpg,https://m.media-amazon.com/images/I/81LfVGyallL._AC_SL1500_.jpg,https://m.media-amazon.com/images/I/81X6NFuMXvL._AC_SL1500_.jpg,https://m.media-amazon.com/images/I/914c0JJu9tL._AC_SL1500_.jpg","B0DQFPDCBB","air-fryer-brands"
